Nombre de la intenci√≥n,Nombre corto de la intenci√≥n,ID de la intencion
ED00CUX01 Estudiantes,Estudiantes,RuleBuilder:PLBWX5XYGQ2B3GP7IN8Q-gglirxvsis@b.m-1653663205431
TUR00CUX02 Turnos para salud,Turnos para salud,RuleBuilder:PLBWX5XYGQ2B3GP7IN8Q-3fr1tizyrq@b.m-1674735659257
Estado subte,Estado del subte,RuleBuilder:PLBWX5XYGQ2B3GP7IN8Q-rodolfo@botmaker.io-1568209984126
BOT06CUX01 Random Adivinanza,Adivinanzas,RuleBuilder:PLBWX5XYGQ2B3GP7IN8Q-nps8m1mr9k@b.m-1662491348108
CIU05CUX03 Villa del Parque,Villa del Parque,RuleBuilder:PLBWX5XYGQ2B3GP7IN8Q-b9e42805469af0f@bm.com-1638545810030
MO03CUX01 Otros abonos y pases,Abonos del subte,RuleBuilder:PLBWX5XYGQ2B3GP7IN8Q-9gkzv6ifdl@b.m-1689859623884
TU03CUX01 Hurac√°n,Estadio de Hurac√°n,RuleBuilder:PLBWX5XYGQ2B3GP7IN8Q-4a64ac4e4bb9b60@bm.com-1645807786499
GA01CUX01 Apertura,Patios y mercados,RuleBuilder:PLBWX5XYGQ2B3GP7IN8Q-guadalupe@botmaker.io-1560881933094
SE00CUX01 Apertura,Seguridad,RuleBuilder:PLBWX5XYGQ2B3GP7IN8Q-ferjuan@botmaker.io-1545248687998
Constancia √∫ltimo domicilio,Constancia domicilio,RuleBuilder:PLBWX5XYGQ2B3GP7IN8Q-ferjuan@botmaker.io-1548700042711
CIU05CUX07 Apertura QR,Barrio Mugica,RuleBuilder:PLBWX5XYGQ2B3GP7IN8Q-4avj4zapv7@b.m-1695821119681
SUA01CUX12 Apertura,Reportar marquesina,RuleBuilder:PLBWX5XYGQ2B3GP7IN8Q-lp3ed18qgq@b.m-1650459582718
"TR03CUX09 Renovaci√≥n, actualizaci√≥n al registro de evaluaci√≥n ambiental profesional",Evaluaci√≥n ambiental,RuleBuilder:PLBWX5XYGQ2B3GP7IN8Q-guadalupe@botmaker.io-1566826837650
TR04CUX32  Primer pasaporte,Primer pasaporte,RuleBuilder:PLBWX5XYGQ2B3GP7IN8Q-i8wk4a6knx@b.m-1681739329938
TR03CUX08 Transmisi√≥n de Autorizaci√≥n de Actividad Econ√≥mica,AGC: autorizaciones,RuleBuilder:PLBWX5XYGQ2B3GP7IN8Q-guadalupe@botmaker.io-1573675195494
DH09CUX01 Apertura,Desarrollo infantil,RuleBuilder:PLBWX5XYGQ2B3GP7IN8Q-guadalupe@botmaker.io-1557941692772
¬øC√≥mo saco un turno para el tr√°mite MAP Profesionales - Chequeo de Inicios (APRA)?,MAP Profesionales,RuleBuilder:PLBWX5XYGQ2B3GP7IN8Q-fernando@botmaker.com-1536001582374-3150
EM01CUX02 Apertura,Violencia laboral,RuleBuilder:PLBWX5XYGQ2B3GP7IN8Q-ced0x46wme@b.m-1692730330885
TR03CUX08 Registro Nacional de Productos Alimenticios (RNPA) / Registro Nacional de Establecimientos (RNE),AGC: RNPA y RNE,RuleBuilder:PLBWX5XYGQ2B3GP7IN8Q-guadalupe@botmaker.io-1573674734348
TR04CUX02 Apertura,Tr√°mites DNI,RuleBuilder:PLBWX5XYGQ2B3GP7IN8Q-alfafc@gmail.com-1536688610268
CU01CUX02 MALBA,MALBA,RuleBuilder:PLBWX5XYGQ2B3GP7IN8Q-guadalupe@botmaker.io-1571671512893
TR03CUX09 Aceites vegetales usados,REGOTAVU: Aceites,RuleBuilder:PLBWX5XYGQ2B3GP7IN8Q-guadalupe@botmaker.io-1561564742625
AM04CUX02 Apertura,Jard√≠n Bot√°nico,RuleBuilder:PLBWX5XYGQ2B3GP7IN8Q-guadalupe@botmaker.io-1557758234806
SA00CUX01 Superapertura,Salud en la Ciudad,RuleBuilder:PLBWX5XYGQ2B3GP7IN8Q-ferjuan@botmaker.io-1544541297041
MO08CUX03 Apertura,TelePASE üöò,RuleBuilder:PLBWX5XYGQ2B3GP7IN8Q-guadalupe@botmaker.io-1597319264618
TR01CUX20 Apertura,Faltas documentales,RuleBuilder:PLBWX5XYGQ2B3GP7IN8Q-9efoel665f@b.m-1642429941199
EDU02CUX01 Apertura,Curso sobre IA,RuleBuilder:PLBWX5XYGQ2B3GP7IN8Q-gyiokx7kjr@b.m-1647886429538
CO13CUX01 Apertura,Conoc√© BA,RuleBuilder:PLBWX5XYGQ2B3GP7IN8Q-cax22ajffv@b.m-1680201471970
SA01CUX06  Mi esquema,Mi esquema COVID-19,RuleBuilder:PLBWX5XYGQ2B3GP7IN8Q-xh7x66fsip@b.m-1659381250274
DH09CUX01 Casas de ni√±os y adoles,Desarrollo infantil,RuleBuilder:PLBWX5XYGQ2B3GP7IN8Q-guadalupe@botmaker.io-1558017075592
TR03CUX17 Carriles exclusivos Av. Corrientes,Carril Av Corrientes,RuleBuilder:PLBWX5XYGQ2B3GP7IN8Q-jsu24ebv1n@b.m-1627920542627
"Apertura Clausura, obra o ascensor",Tr√°mite por clausura,RuleBuilder:PLBWX5XYGQ2B3GP7IN8Q-rodrigo@botmaker.io-1548248276712
TU04CUX01 No le gust√≥ el plan,null,RuleBuilder:PLBWX5XYGQ2B3GP7IN8Q-ctzo900g7w@b.m-1693569928352
IN01CUX02 - Scoring Apertura,Scoring licencias üöó,RuleBuilder:PLBWX5XYGQ2B3GP7IN8Q-uyly04pikq@b.m-1665065565225
CIU05CUX03 Parque Chacabuco,Parque Chacabuco,RuleBuilder:PLBWX5XYGQ2B3GP7IN8Q-a849e445460a871@bm.com-1638295865860
SA08CUX02 Apertura,Donaci√≥n de √≥rganos,RuleBuilder:PLBWX5XYGQ2B3GP7IN8Q-6h9b6t6vxy@b.m-1659555618381
Grabado de Autopartes de un veh√≠culo,Grabado automotor,RuleBuilder:PLBWX5XYGQ2B3GP7IN8Q-fernando@botmaker.com-1535864819164-3655
CIU03CUX01 Apertura,Transparencia GCBA,RuleBuilder:PLBWX5XYGQ2B3GP7IN8Q-8178032b4f3a092@bm.com-1679338032314
EDU02CUX04 Apertura,Codo a codo üíª,RuleBuilder:PLBWX5XYGQ2B3GP7IN8Q-guadalupe@botmaker.io-1558467480961
EDU03CUX07 Apertura,Inscripci√≥n docente,RuleBuilder:PLBWX5XYGQ2B3GP7IN8Q-oywtwlt6ga@b.m-1661538744944
SE03CUX01 Apertura,Vecinos en alerta,RuleBuilder:PLBWX5XYGQ2B3GP7IN8Q-guadalupe@botmaker.io-1568210450085
TR03CUX09 Sitios contaminados,Sitios contaminados,RuleBuilder:PLBWX5XYGQ2B3GP7IN8Q-guadalupe@botmaker.io-1566827797846
CU06CAT01 Apertura,Chat con Diversidad,RuleBuilder:PLBWX5XYGQ2B3GP7IN8Q-dstnnkoxzg@b.m-1690813347375
SA05CUX01 Escucha Activa,Escucha Activa ‚òéÔ∏è,RuleBuilder:PLBWX5XYGQ2B3GP7IN8Q-no1jbxapk3@b.m-1673980425897
MO06CUX02 C√≥mo usar Ecobici,C√≥mo usar Ecobici,RuleBuilder:PLBWX5XYGQ2B3GP7IN8Q-u5hidhjnys@b.m-1659547913189
¬øC√≥mo saco un turno para el tr√°mite MAP P√∫blico - Chequeo de Inicios (APRA)?,MAP P√∫blico,RuleBuilder:PLBWX5XYGQ2B3GP7IN8Q-fernando@botmaker.com-1536001582396-5805
ED00CUX01 Docentes,Docentes,RuleBuilder:PLBWX5XYGQ2B3GP7IN8Q-cs966zmx2n@b.m-1653662665912
TU01CUX01 Trabajo en turismo,Trabajo en Turismo,RuleBuilder:PLBWX5XYGQ2B3GP7IN8Q-0db5fab4456801f@bm.com-1633120959745
AM02CUX02 Apertura,Olas de calor ‚òÄÔ∏è,RuleBuilder:PLBWX5XYGQ2B3GP7IN8Q-guadalupe@botmaker.io-1575402518022
Apertura | Fotocopia de Documentaci√≥n Archivada,Copia documentos DNI,RuleBuilder:PLBWX5XYGQ2B3GP7IN8Q-guadalupe@botmaker.io-1572033570979
EDU04CUX24 Apertura,Plan 54 Escuelas,RuleBuilder:PLBWX5XYGQ2B3GP7IN8Q-ferjuan@botmaker.io-1556068719767
SUA01CUX06 Apertura,Arreglo de vereda,RuleBuilder:PLBWX5XYGQ2B3GP7IN8Q-agustin@botmaker.io-1599232113944
TR03CUX08 Solicitud de libre deuda para desarrollar actividad comercial,Libre deuda comercio,RuleBuilder:PLBWX5XYGQ2B3GP7IN8Q-vfnuzmcp0a@b.m-1627928081347
CIU05CUX03 Versalles,Barrio de Versalles,RuleBuilder:PLBWX5XYGQ2B3GP7IN8Q-de46ec78467af3d@bm.com-1638457220256
Inicio y seguimiento de expedientes y actuaciones,Seguir un expediente,RuleBuilder:PLBWX5XYGQ2B3GP7IN8Q-guadalupe@botmaker.io-1574800059211
TR03CUX05 Certificado escolar para ‚ÄúEstudiar es Trabajar‚Äù,Estudiar es Trabajar,RuleBuilder:PLBWX5XYGQ2B3GP7IN8Q-8um7f0pe4d@b.m-1627921341488
CIU05CUX03 Parque Chas,Barrio Parque Chas,RuleBuilder:PLBWX5XYGQ2B3GP7IN8Q-2b9f4cdb4d7910a@bm.com-1638296514311
TR03CUX09 Ruidos molestos provenientes de actividades comerciales e industriales,Ruidos molestos,RuleBuilder:PLBWX5XYGQ2B3GP7IN8Q-guadalupe@botmaker.io-1566827477310
Notificaci√≥n digital,Notificaci√≥n digital,RuleBuilder:PLBWX5XYGQ2B3GP7IN8Q-o77qljpm9e@b.m-1627918870030
EDU02CUX03 Apertura,Aprend√© Programando,RuleBuilder:PLBWX5XYGQ2B3GP7IN8Q-guadalupe@botmaker.io-1589206634878
CIU05CUX03 Villa Pueyrred√≥n,Villa Pueyrred√≥n,RuleBuilder:PLBWX5XYGQ2B3GP7IN8Q-86f3a24a453b8a3@bm.com-1638540305388
TR04CUX11 Apertura,Casamientos üíç,RuleBuilder:PLBWX5XYGQ2B3GP7IN8Q-guadalupe@botmaker.io-1561641844747
MIBA01CUX02 Explicaci√≥n del proceso de Blanqueo,Blanqueo miBA,RuleBuilder:PLBWX5XYGQ2B3GP7IN8Q-8v2y7jamlv@b.m-1649345563907
EDU01CUX03 Apertura,Becas Grierson üë©‚Äç‚öïÔ∏è,RuleBuilder:PLBWX5XYGQ2B3GP7IN8Q-ferjuan@botmaker.io-1552421598189
Certificaci√≥n de datos,Certificaci√≥n datos,RuleBuilder:PLBWX5XYGQ2B3GP7IN8Q-guadalupe@botmaker.io-1561125605960
TR03CUX09 Residuos peligrosos,Residuos peligrosos,RuleBuilder:PLBWX5XYGQ2B3GP7IN8Q-guadalupe@botmaker.io-1566566369784
ED04CUX18 Apertura,Apoyo escolar,RuleBuilder:PLBWX5XYGQ2B3GP7IN8Q-pmhhuf3j3k@b.m-1671735561391
TR02CUX14 Defunci√≥n,Partida de defunci√≥n,RuleBuilder:PLBWX5XYGQ2B3GP7IN8Q-za1zr7xnpj@b.m-1690480647690
SUA01CUX17 Apertura,Tapar grafiti,RuleBuilder:PLBWX5XYGQ2B3GP7IN8Q-tlik1rr5yt@b.m-1681847901129
SA01CUX06 Turnos,Turno COVID-19 üíâ,RuleBuilder:PLBWX5XYGQ2B3GP7IN8Q-97sgfb9te9@b.m-1647888272464
TR03CUX12 Cambio de arrendatario y actualizaci√≥n de datos,Titular de sepultura,RuleBuilder:PLBWX5XYGQ2B3GP7IN8Q-guadalupe@botmaker.io-1569874423657
SA11CUXO1 S√≠ntomas,S√≠ntomas Dengue,RuleBuilder:PLBWX5XYGQ2B3GP7IN8Q-guadalupe@botmaker.io-1585922265065
MA01CUX01 Superapertura,Mascotas,RuleBuilder:PLBWX5XYGQ2B3GP7IN8Q-guadalupe@botmaker.io-1575401706714
CO13CUX03 Apertura,BA Te Recibe,RuleBuilder:PLBWX5XYGQ2B3GP7IN8Q-a0j0a9fmak@b.m-1681998183756
CIU05CUX03 Coghlan,Barrio de Coghlan,RuleBuilder:PLBWX5XYGQ2B3GP7IN8Q-e3c02f6a48ab8a7@bm.com-1637678085747
CU03CUX02 Apertura,Cultura Abierta,RuleBuilder:PLBWX5XYGQ2B3GP7IN8Q-xtozdilrvg@b.m-1628255771185
DEC03CUX01 Apertura,Patrocinio BA,RuleBuilder:PLBWX5XYGQ2B3GP7IN8Q-mmhacpjq36@b.m-1674678758998
GE01CUX01 Apertura,Contenci√≥n familiar,RuleBuilder:PLBWX5XYGQ2B3GP7IN8Q-guadalupe@botmaker.io-1589383626504
CIU05CUX03 San Nicol√°s,Barrio San Nicol√°s,RuleBuilder:PLBWX5XYGQ2B3GP7IN8Q-6ebb422349aab00@bm.com-1638385310735
DH01CUX05 Superapertura Asistencia Social,Asistencia Social,RuleBuilder:PLBWX5XYGQ2B3GP7IN8Q-i9ncjk26o2@b.m-1688663823043
Apertura - Becas progresar,Becas Progresar,RuleBuilder:PLBWX5XYGQ2B3GP7IN8Q-guadalupe@botmaker.io-1560950974920
TR03CUX09 Impacto ac√∫stico,Impacto ac√∫stico,RuleBuilder:PLBWX5XYGQ2B3GP7IN8Q-guadalupe@botmaker.io-1561564569888
Vacunaci√≥n Covid-19 (Apertura) > Sobre la vacuna* Response > Sinopharm * Response,Sinopharm,RuleBuilder:PLBWX5XYGQ2B3GP7IN8Q-8cc9310a49e8ef1@bm.com-1617048529575
INN01CUX01 Apertura,BA Gaming,RuleBuilder:PLBWX5XYGQ2B3GP7IN8Q-afcns8mcoz@b.m-1686774825622
DDHH03CUX04 Apertura,Defensor√≠as Zonales,RuleBuilder:PLBWX5XYGQ2B3GP7IN8Q-guadalupe@botmaker.io-1559588314945
TRA04CUX17   Apertura,Ciudadan√≠a Porte√±a,RuleBuilder:PLBWX5XYGQ2B3GP7IN8Q-fernando@botmaker.com-1536071187112-2806
VI01CUX05 Apertura,Viviendas +65 üßì,RuleBuilder:PLBWX5XYGQ2B3GP7IN8Q-eglfg2sf2s@b.m-1683048130029
TR01CUX11 Apertura,DDJJ Administradores,RuleBuilder:PLBWX5XYGQ2B3GP7IN8Q-vlp9adlruz@b.m-1646251163995
"TR03CUX08 Solicitud de duplicado del libro de actas por extrav√≠o, robo, hurto o agotamiento",AGC: Duplicar libro,RuleBuilder:PLBWX5XYGQ2B3GP7IN8Q-guadalupe@botmaker.io-1573675110354
COY08CUX01 Apertura,Obras en la Ciudad,RuleBuilder:PLBWX5XYGQ2B3GP7IN8Q-bhkkn3c116@b.m-1657198543518
CIU05CUX03 Constituci√≥n,Barrio Constituci√≥n,RuleBuilder:PLBWX5XYGQ2B3GP7IN8Q-c30238ce4668447@bm.com-1637689547195
Apertura | Certificado de residencia precaria,Residencia precaria,RuleBuilder:PLBWX5XYGQ2B3GP7IN8Q-guadalupe@botmaker.io-1562764710399
TR04CUX41 Mi argentina,Mi Argentina,RuleBuilder:PLBWX5XYGQ2B3GP7IN8Q-yh7gflhz5b@b.m-1665081992712
CIU05CUX03 Puerto Madero,Puerto Madero,RuleBuilder:PLBWX5XYGQ2B3GP7IN8Q-5e3463554a0b778@bm.com-1638370471490
TR04CUX32  Sedes pasaporte,Sedes pasaporte,RuleBuilder:PLBWX5XYGQ2B3GP7IN8Q-km7rdimef2@b.m-1681739508978
CU09CUX02 Apertura,Cementerios en BA,RuleBuilder:PLBWX5XYGQ2B3GP7IN8Q-guadalupe@botmaker.io-1574861782802
EDU03CUX08 Necesito ayuda,Orientaci√≥n docente,RuleBuilder:PLBWX5XYGQ2B3GP7IN8Q-na2gy1r5n5@b.m-1661539948334
CIU05CUX03 Retiro,Barrio de Retiro,RuleBuilder:PLBWX5XYGQ2B3GP7IN8Q-3cc0630b4deb3d0@bm.com-1638381388190
EDU02CUX05 Apertura,Cre√° Tu Futuro üìö,RuleBuilder:PLBWX5XYGQ2B3GP7IN8Q-tv28y65b8d@b.m-1667829946485
GA02CUX01 BA Market,BA Market,RuleBuilder:PLBWX5XYGQ2B3GP7IN8Q-rf8gipv9tp@b.m-1649869735289
EDU07CUX01  Apertura,Biblioteca digital,RuleBuilder:PLBWX5XYGQ2B3GP7IN8Q-0decbf38423ab7a@bm.com-1636577239822
TR03CUX09 Mapa de Ruido,Mapa de Ruido,RuleBuilder:PLBWX5XYGQ2B3GP7IN8Q-qqhdturvpl@b.m-1640116592151
TU03CUX01 River Plate,El Monumental,RuleBuilder:PLBWX5XYGQ2B3GP7IN8Q-dadb87f64709271@bm.com-1645806314926
EP01CUX01 Ciudad verde,Ciudad Verde ‚ôªÔ∏è,RuleBuilder:PLBWX5XYGQ2B3GP7IN8Q-67f1f5fc47db331@bm.com-1637080316259
DH03CUX01 Apertura,Discapacidad,RuleBuilder:PLBWX5XYGQ2B3GP7IN8Q-danielalallopizzo@botmaker.io-1600453091512
Participaci√≥n ciudadana,Participaci√≥n ü§ù,RuleBuilder:PLBWX5XYGQ2B3GP7IN8Q-ferjuan@botmaker.io-1550245244673
TR03CUX08 Registro de capacitadores de manipuladores de alimentos,AGC: Capacitadores,RuleBuilder:PLBWX5XYGQ2B3GP7IN8Q-guadalupe@botmaker.io-1573674427189
SA01CUX06 Me vacun√© afuera,Me vacun√© afuera,RuleBuilder:PLBWX5XYGQ2B3GP7IN8Q-bnj9851ssa@b.m-1639504420845
CU09CUX04 Apertura,Jard√≠n Japon√©s,RuleBuilder:PLBWX5XYGQ2B3GP7IN8Q-guadalupe@botmaker.io-1578945595331
EDU01CUX02 Apertura,Becas nivel superior,RuleBuilder:PLBWX5XYGQ2B3GP7IN8Q-ferjuan@botmaker.io-1552418755969
TR01CUX19 Apertura,Certif. Convivencia,RuleBuilder:PLBWX5XYGQ2B3GP7IN8Q-ju17hpdct4@b.m-1643305020947
TR01CUX02  Apertura,Plano de obra,RuleBuilder:PLBWX5XYGQ2B3GP7IN8Q-2sv0bacbdn@b.m-1647282687973
TR03CUX05 Orientaci√≥n sobre l√≠neas de subsidio industrias culturales,Subsidios en dise√±o,RuleBuilder:PLBWX5XYGQ2B3GP7IN8Q-guadalupe@botmaker.io-1575398057734
Apertura | Resolver Ubicaci√≥n | B√∫squeda de Farmacias,Buscar farmacias üíä,RuleBuilder:PLBWX5XYGQ2B3GP7IN8Q-ruben@botmaker.io-1587398422373
CU01CUX02 Museo Larreta,Museo Larreta,RuleBuilder:PLBWX5XYGQ2B3GP7IN8Q-fec672004bc8ce9@bm.com-1623861395544
CIU05CUX03 Liniers,Barrio de Liniers,RuleBuilder:PLBWX5XYGQ2B3GP7IN8Q-8a1970a943893ad@bm.com-1638212105367
TR03CUX09 Residuos patog√©nicos,Residuos patog√©nicos,RuleBuilder:PLBWX5XYGQ2B3GP7IN8Q-guadalupe@botmaker.io-1566827285598
SA07CUX01 Anticonceptivos,Anticonceptivos,RuleBuilder:PLBWX5XYGQ2B3GP7IN8Q-guadalupe@botmaker.io-1586187648863
Apertura | Certificado de Aptitud Ambiental,Aptitud Ambiental,RuleBuilder:PLBWX5XYGQ2B3GP7IN8Q-fernando@botmaker.com-1536071187110-3936
EP04CUX01 Apertura sin registro,Ecopuntos,RuleBuilder:PLBWX5XYGQ2B3GP7IN8Q-u86oog0wtx@b.m-1689860783748
SE02CUX03 Apertura,Estafas automotor üöó,RuleBuilder:PLBWX5XYGQ2B3GP7IN8Q-u0ijdpqdkk@b.m-1682706965652
BOT06CUX01 Random Trabalenguas,Trabalenguas,RuleBuilder:PLBWX5XYGQ2B3GP7IN8Q-0jmelnejk1@b.m-1662561232560
DEC05CUX01 Apertura,Empresas y negocios,RuleBuilder:PLBWX5XYGQ2B3GP7IN8Q-828x4pt7be@b.m-1689868410974
MO03CUX01 L√≠nea H üü° (horarios),Horarios L√≠nea H üü°,RuleBuilder:PLBWX5XYGQ2B3GP7IN8Q-k2sla8xtji@b.m-1689879193215
CU00CUX01 Agenda cultural,Agenda cultural,RuleBuilder:PLBWX5XYGQ2B3GP7IN8Q-g1z57wj8t2@b.m-1648833870844
Salud mental * Response,Salud Mental ‚òéÔ∏è,RuleBuilder:PLBWX5XYGQ2B3GP7IN8Q-guadalupe@botmaker.io-1589567178880
CU09CUX01 25 de Mayo,CC 25 de Mayo,RuleBuilder:PLBWX5XYGQ2B3GP7IN8Q-dpb797c3oh@b.m-1628257267236
MO05CUX02 Apertura,Licencia de conducir,RuleBuilder:PLBWX5XYGQ2B3GP7IN8Q-guadalupe@botmaker.io-1576164544116
Asiento de la defunci√≥n en la libreta de matrimonio *Apertura,Inscribir defunci√≥n,RuleBuilder:PLBWX5XYGQ2B3GP7IN8Q-5e9684f24f08d9f@bm.com-1630678909457
TR03CUX05 Uso de biblioteca del docente y pr√©stamos,Biblioteca docente,RuleBuilder:PLBWX5XYGQ2B3GP7IN8Q-guadalupe@botmaker.io-1575401321536
TU03CUX09 Apertura,Planetario,RuleBuilder:PLBWX5XYGQ2B3GP7IN8Q-ferjuan@botmaker.io-1546885823000
DH10CUX01 Apertura,Tr√°mites AFIP üßë‚Äçüíª,RuleBuilder:PLBWX5XYGQ2B3GP7IN8Q-7rgsurov1v@b.m-1693591165403
¬øC√≥mo saco un turno para el tr√°mite Mesa de Entradas - Entrega Certificado de Aptitud Ambiental (APRA)?,Certificado APRA,RuleBuilder:PLBWX5XYGQ2B3GP7IN8Q-fernando@botmaker.com-1536001582415-3351
MO04CUX05 Denunciar Punto SUBE,Denunciar Punto SUBE,RuleBuilder:PLBWX5XYGQ2B3GP7IN8Q-guadalupe@botmaker.io-1573236268885
TR03CUX05 Cursos especiales,Cursos especiales,RuleBuilder:PLBWX5XYGQ2B3GP7IN8Q-guadalupe@botmaker.io-1575397818021
TR04CUX02 Reposici√≥n,Reposici√≥n DNI,RuleBuilder:PLBWX5XYGQ2B3GP7IN8Q-fernando@botmaker.com-1536203499962-6867
MO03CUX01 Apertura,Subte üöá,RuleBuilder:PLBWX5XYGQ2B3GP7IN8Q-4jq4evu9md@b.m-1689858661204
CIU05CUX03 Villa Luro,Barrio de Villa Luro,RuleBuilder:PLBWX5XYGQ2B3GP7IN8Q-c1cff7014e5b649@bm.com-1638471583211
CU03CUX07 Apertura,Pase cultural,RuleBuilder:PLBWX5XYGQ2B3GP7IN8Q-y1bfmxtsi9@b.m-1679066852587
GE03CUX02 Apertura,Calendario de g√©nero,RuleBuilder:PLBWX5XYGQ2B3GP7IN8Q-tt7geu76vd@b.m-1665511766737
MO04CUX01 Hacer la VTV,Hacer la VTV,RuleBuilder:PLBWX5XYGQ2B3GP7IN8Q-dk6a2yx7qp@b.m-1652382157165
EDU02CUX06 Apertura,Curso de ingl√©s ITüíª,RuleBuilder:PLBWX5XYGQ2B3GP7IN8Q-8gtg9onw9u@b.m-1671739036553
TR03CUX08 Solicitud de An√°lisis de Alimentos Libres de Gluten,An√°lisis de gluten,RuleBuilder:PLBWX5XYGQ2B3GP7IN8Q-guadalupe@botmaker.io-1573673006785
TR01CUX10 Apertura,Copia de plano,RuleBuilder:PLBWX5XYGQ2B3GP7IN8Q-jownwhz03u@b.m-1646250550068
CU01CUX02 Torre Monumental,Torre Monumental,RuleBuilder:PLBWX5XYGQ2B3GP7IN8Q-hxub9eh1mt@b.m-1641305179069
CIU03CUX04 Apertura,Informaci√≥n p√∫blica,RuleBuilder:PLBWX5XYGQ2B3GP7IN8Q-guadalupe@botmaker.io-1560952859813
CU00CUX01 Super Apertura,Cultura en la Ciudad,RuleBuilder:PLBWX5XYGQ2B3GP7IN8Q-vh00vduatt@b.m-1648832940893
CO10CUX02 Apertura contingencia,Elecciones 2023 üó≥Ô∏è,RuleBuilder:PLBWX5XYGQ2B3GP7IN8Q-la4fmdld8h@b.m-1700661410309
CIU03CUX03 Apertura,Gobierno Abierto,RuleBuilder:PLBWX5XYGQ2B3GP7IN8Q-ferjuan@botmaker.io-1544533152007
CU10CUX01 Apertura,Casco Hist√≥rico,RuleBuilder:PLBWX5XYGQ2B3GP7IN8Q-rjmaoa6kdf@b.m-1686334310126
Inscripci√≥n del Nacimiento *Apertura,Inscribir beb√©,RuleBuilder:PLBWX5XYGQ2B3GP7IN8Q-guadalupe@botmaker.io-1592312928967
ED03CUX05 Carreras,Carreras UniCABA,RuleBuilder:PLBWX5XYGQ2B3GP7IN8Q-guadalupe@botmaker.io-1595270815289
CIU05CUX03 Villa General Mitre,Villa General Mitre,RuleBuilder:PLBWX5XYGQ2B3GP7IN8Q-f13ee1ee4009083@bm.com-1638469550264
DH01CUX01 Apertura,Atenci√≥n social,RuleBuilder:PLBWX5XYGQ2B3GP7IN8Q-potlvo4vsu@b.m-1648492116226
Actos de corrupci√≥n de agentes de la administraci√≥n,Denunciar corrupci√≥n,RuleBuilder:PLBWX5XYGQ2B3GP7IN8Q-guadalupe@botmaker.io-1574796078321
TR04CUX32  Errores en pasaporte,Errores en pasaporte,RuleBuilder:PLBWX5XYGQ2B3GP7IN8Q-ouh2tq349h@b.m-1681739581577
SUA01CUX13 Apertura,Reportar fachada,RuleBuilder:PLBWX5XYGQ2B3GP7IN8Q-d5ko3p8ciw@b.m-1652109752959
OB05CUX02 Permiso demolici√≥n,Permiso demolici√≥n,RuleBuilder:PLBWX5XYGQ2B3GP7IN8Q-rgr6gmuem9@b.m-1655817496350
L√≠nea 102 *Apertura,L√≠nea 102 ‚òéÔ∏è,RuleBuilder:PLBWX5XYGQ2B3GP7IN8Q-ruben@botmaker.io-1595610875404
VI01CUX01 Trabajar en el IVC,Trabajar en el IVC,RuleBuilder:PLBWX5XYGQ2B3GP7IN8Q-ferjuan@botmaker.io-1540581298733
AGC02CUX03 Apertura,Manipular Alimentos,RuleBuilder:PLBWX5XYGQ2B3GP7IN8Q-1c9irpgkci@b.m-1656445682077
CU02CUX01 Teatro San Mart√≠n,Teatro San Mart√≠n,RuleBuilder:PLBWX5XYGQ2B3GP7IN8Q-guadalupe@botmaker.io-1572962583284
CIU03CUX06 Apertura,Compromisos BA,RuleBuilder:PLBWX5XYGQ2B3GP7IN8Q-wcz27jsc9n@b.m-1662390210244
AGC02CUX01 Apertura,Ascensores,RuleBuilder:PLBWX5XYGQ2B3GP7IN8Q-ferjuan@botmaker.io-1547569444039
CIU05CUX03 Barrio V√©lez Sarsfield,Barrio V√©lez,RuleBuilder:PLBWX5XYGQ2B3GP7IN8Q-105c824b46bac0c@bm.com-1638549729518
TR03CUX07 Apertura Inscripci√≥n en el Registro √önico de Instituciones Deportivas (RUID),Inst. Deportivas,RuleBuilder:PLBWX5XYGQ2B3GP7IN8Q-guadalupe@botmaker.io-1572964057959
CIU05CUX03 Palermo,Barrio de Palermo,RuleBuilder:PLBWX5XYGQ2B3GP7IN8Q-7b710a164939ffa@bm.com-1638294022802
TR01CUX06 Apertura,Adecuaci√≥n precios,RuleBuilder:PLBWX5XYGQ2B3GP7IN8Q-svfni2p5wq@b.m-1642443027013
EM03CUX01 Apertura,Empleo Joven,RuleBuilder:PLBWX5XYGQ2B3GP7IN8Q-eft71lpdbg@b.m-1687788054131
TR01CUX09 Apertura,Certif. Catastral,RuleBuilder:PLBWX5XYGQ2B3GP7IN8Q-do8xnx667z@b.m-1646249825285
GE01CUX03 Apertura,Acoso callejero,RuleBuilder:PLBWX5XYGQ2B3GP7IN8Q-ferjuan@botmaker.io-1540212470365
SUA01CUX20 Apertura,Electricidad y agua,RuleBuilder:PLBWX5XYGQ2B3GP7IN8Q-pj1bitjfrs@b.m-1691688672110
EP02CUX02 Apertura Corta,Limpieza V√≠a P√∫blica,RuleBuilder:PLBWX5XYGQ2B3GP7IN8Q-15lo2hlink@b.m-1696945245114
SA07CUX01 Aborto legal,Aborto legal,RuleBuilder:PLBWX5XYGQ2B3GP7IN8Q-b3wfph8kkn@b.m-1657716547805
TR01CUX08 Apertura,Instituci√≥n Activa,RuleBuilder:PLBWX5XYGQ2B3GP7IN8Q-luwam1gge0@b.m-1642193485614
AG01CUX01 Apertura,AGIP,RuleBuilder:PLBWX5XYGQ2B3GP7IN8Q-dario@botmaker.io-1592973735871
TR03CUX05 Presentaci√≥n de proyectos en Incubate,Programa IncuBAte,RuleBuilder:PLBWX5XYGQ2B3GP7IN8Q-guadalupe@botmaker.io-1575398072730
CU02CUX02 Apertura,Teatro Col√≥n,RuleBuilder:PLBWX5XYGQ2B3GP7IN8Q-ferjuan@botmaker.io-1563553458793
CU01CUX02 Qu√© museos hay,¬øQu√© museos hay?,RuleBuilder:PLBWX5XYGQ2B3GP7IN8Q-8e0744724fe9f72@bm.com-1623854694095
SA02CUX01 Quiero testearme,Test COVID-19,RuleBuilder:PLBWX5XYGQ2B3GP7IN8Q-9q6gzhtnyy@b.m-1670945368359
MO08CUX01 TelePASE con CUD,TelePASE con CUD ‚ôø,RuleBuilder:PLBWX5XYGQ2B3GP7IN8Q-568398814bd83f4@bm.com-1616777559429
SUA01CUX02 Restos de poda,Restos de poda,RuleBuilder:PLBWX5XYGQ2B3GP7IN8Q-agustin@botmaker.io-1596043564302
TR03CUX12 Apertura,Tr√°mites: Cementerio,RuleBuilder:PLBWX5XYGQ2B3GP7IN8Q-guadalupe@botmaker.io-1569874914704
¬øEn qu√© Hospitales puedo sacar turnos?,Hospitales p√∫blicos,RuleBuilder:PLBWX5XYGQ2B3GP7IN8Q-fernando@botmaker.com-1536001582279-9353
TU03CUX01 San Lorenzo,El Nuevo Gas√≥metro,RuleBuilder:PLBWX5XYGQ2B3GP7IN8Q-9d98045f49492f8@bm.com-1645807468027
EP01CUX01 Apertura,Reciclaje ‚ôªÔ∏è,RuleBuilder:PLBWX5XYGQ2B3GP7IN8Q-guadalupe@botmaker.io-1588280567716
AGC01CUX02  Apertura,Inspecciones AGC,RuleBuilder:PLBWX5XYGQ2B3GP7IN8Q-780623zar5@b.m-1667307369565
EDU01CUX00 Superapertura Becas,Becas educativas üìö,RuleBuilder:PLBWX5XYGQ2B3GP7IN8Q-ferjuan@botmaker.io-1558453697372
JU02CUX01 Apertura,Consejo Magistratura,RuleBuilder:PLBWX5XYGQ2B3GP7IN8Q-guadalupe@botmaker.io-1598967521543
CU09CUX01 San Mart√≠n,CC San Mart√≠n,RuleBuilder:PLBWX5XYGQ2B3GP7IN8Q-vlkemlb056@b.m-1628258873058
Registro de Empleadores,Registro Empleadores,RuleBuilder:PLBWX5XYGQ2B3GP7IN8Q-fernando@botmaker.com-1536071187102-6280
MA01CUX01 Golpes de calor,Calor en mascotas,RuleBuilder:PLBWX5XYGQ2B3GP7IN8Q-pu8mkp83bp@b.m-1642011088671
SA05CUX01 Estaci√≥n saludable,Estaci√≥n Saludable,RuleBuilder:PLBWX5XYGQ2B3GP7IN8Q-ivvoeebozi@b.m-1647523536030
MO04CUX05 Apertua,Tarjeta SUBE,RuleBuilder:PLBWX5XYGQ2B3GP7IN8Q-guadalupe@botmaker.io-1573154772601
TR03CUX08 Registro de artefactos t√©rmicos / Calderas,AGC: Calderas,RuleBuilder:PLBWX5XYGQ2B3GP7IN8Q-guadalupe@botmaker.io-1573674270094
SE00CUX01 Cabinas de denuncia,Cabinas de denuncia,RuleBuilder:PLBWX5XYGQ2B3GP7IN8Q-ferjuan@botmaker.io-1545254083853
SA01CUX06 Postas de vacunaci√≥n,Postas de vacunaci√≥n,RuleBuilder:PLBWX5XYGQ2B3GP7IN8Q-0emfgc7fk4@b.m-1670443631955
MO03CUX01 Horarios,Horarios del subte,RuleBuilder:PLBWX5XYGQ2B3GP7IN8Q-auzwtzqlpd@b.m-1689859751022
DDHH03CUX01 Superapertura,Derechos de ni√±os/as,RuleBuilder:PLBWX5XYGQ2B3GP7IN8Q-guadalupe@botmaker.io-1559591661732
TUR00CUX02 Mensaje inicial - Turnos,Turnos,RuleBuilder:PLBWX5XYGQ2B3GP7IN8Q-rodrigo@botmaker.io-1536765072955
AGC02CUX02 Director de Obra,Director de Obra,RuleBuilder:PLBWX5XYGQ2B3GP7IN8Q-guadalupe@botmaker.io-1564583657289
GA01CUX01 Mercados,Mercados en BA,RuleBuilder:PLBWX5XYGQ2B3GP7IN8Q-ferjuan@botmaker.io-1541597120493
Vacunaci√≥n Covid-19 (Apertura) -> Sobre la vacuna *Response > Sputnik *Response,Sputnik,RuleBuilder:PLBWX5XYGQ2B3GP7IN8Q-a55b852644e9273@bm.com-1617048233055
OB02CUX02 Apertura,Metrobus del Bajo,RuleBuilder:PLBWX5XYGQ2B3GP7IN8Q-g7fqynazrk@b.m-1647006129136
TR03CUX20 Permiso de uso precario en ferias itinerantes de abastecimiento barrial,Permiso para FIABS,RuleBuilder:PLBWX5XYGQ2B3GP7IN8Q-guadalupe@botmaker.io-1568832169656
Apertura | Buscar comuna,Buscar comuna,RuleBuilder:PLBWX5XYGQ2B3GP7IN8Q-danielalallopizzo@botmaker.io-1601042122488
CU06CUX01 Violencia laboral,Violencia laboral üåà,RuleBuilder:PLBWX5XYGQ2B3GP7IN8Q-4lo13np4ko@b.m-1666278339081
MO04CUX05 Robo o p√©rdida,Recuperar SUBE,RuleBuilder:PLBWX5XYGQ2B3GP7IN8Q-guadalupe@botmaker.io-1573235797483
CLI00CUX01 Apertura,El clima,RuleBuilder:PLBWX5XYGQ2B3GP7IN8Q-ruben@botmaker.io-1567781537281
miBA - Login,null,RuleBuilder:PLBWX5XYGQ2B3GP7IN8Q-alfafc@gmail.com-1552703827185
Apertura | Certificaci√≥n de firmas,Certificar firma,RuleBuilder:PLBWX5XYGQ2B3GP7IN8Q-guadalupe@botmaker.io-1567020388341
MO04CUX02 Apertura contingencia,Acarreo veh√≠culos,RuleBuilder:PLBWX5XYGQ2B3GP7IN8Q-bzdvt4u6p7@b.m-1659980843413
AM02CUX03 Apertura,Refugios clim√°ticos,RuleBuilder:PLBWX5XYGQ2B3GP7IN8Q-f4bvgib7jv@b.m-1698239672497
Certificado de matr√≠cula,Certif. de matr√≠cula,RuleBuilder:PLBWX5XYGQ2B3GP7IN8Q-guadalupe@botmaker.io-1561729102480
SA11CUXO1 Apertura,Dengue,RuleBuilder:PLBWX5XYGQ2B3GP7IN8Q-guadalupe@botmaker.io-1585919726846
TR01CUX05 Apertura,Editar Registro Emp.,RuleBuilder:PLBWX5XYGQ2B3GP7IN8Q-z04oueeq5x@b.m-1645025987684
MO04CUX01 Cu√°nto sale la VTV,Cu√°nto sale la VTV,RuleBuilder:PLBWX5XYGQ2B3GP7IN8Q-zkkd2v7qvf@b.m-1693244051444
CIU05CUX03 La Paternal,La Paternal,RuleBuilder:PLBWX5XYGQ2B3GP7IN8Q-43a08823484a95c@bm.com-1638209768952
MO04CUX01 D√≥nde se hace,D√≥nde hacer la VTV,RuleBuilder:PLBWX5XYGQ2B3GP7IN8Q-g9a5zbx7lc@b.m-1652382325597
EM02CUX01 Apertura,B√∫squeda de trabajo,RuleBuilder:PLBWX5XYGQ2B3GP7IN8Q-ferjuan@botmaker.io-1542898828862
ED00CUX01 Superapertura educaci√≥n,Educaci√≥n,RuleBuilder:PLBWX5XYGQ2B3GP7IN8Q-ferjuan@botmaker.io-1550157482646
SUA01CUX14 Apertura,Reportar un bache,RuleBuilder:PLBWX5XYGQ2B3GP7IN8Q-fv38f1chx2@b.m-1654175341142
Apertura | SIGECI,Consultar mis turnos,RuleBuilder:PLBWX5XYGQ2B3GP7IN8Q-agustin@botmaker.io-1595853187649
BOT06CUX01 Chistes,Chistes,RuleBuilder:PLBWX5XYGQ2B3GP7IN8Q-ferjuan@botmaker.io-1537489025090
TR03CUX08 Registro/Renovaci√≥n de Unidades de Transportes Alimenticios (UTA),AGC: UTA,RuleBuilder:PLBWX5XYGQ2B3GP7IN8Q-guadalupe@botmaker.io-1573674939174
SE01CUX07 Apertura,Detecci√≥n facial üé¶,RuleBuilder:PLBWX5XYGQ2B3GP7IN8Q-guadalupe@botmaker.io-1558635267926
MO03CUX01 L√≠nea D üü¢ (horarios),Horarios L√≠nea D üü¢,RuleBuilder:PLBWX5XYGQ2B3GP7IN8Q-58fez9a6oz@b.m-1689879152452
TRA04CUX01 Apertura,Legalidad Licencia,RuleBuilder:PLBWX5XYGQ2B3GP7IN8Q-8fb2621e4acb778@bm.com-1634910157014
CIU05CUX03 Flores,Barrio de Flores,RuleBuilder:PLBWX5XYGQ2B3GP7IN8Q-c07cc1f7415b3a0@bm.com-1637691735538
CU01CUX02 Museo del Cine,Museo del Cine,RuleBuilder:PLBWX5XYGQ2B3GP7IN8Q-4f603ed843c98cb@bm.com-1634309846255
EP01CUX01 Econom√≠a Circular,BA Recicla,RuleBuilder:PLBWX5XYGQ2B3GP7IN8Q-b92c0f2b426ae50@bm.com-1617652147515
TU03CUX01 Argentinos Juniors,Argentinos Juniors,RuleBuilder:PLBWX5XYGQ2B3GP7IN8Q-a802f1da4bc98c4@bm.com-1645808368298
SA02CUX01N  Apertura,Coronavirus,RuleBuilder:PLBWX5XYGQ2B3GP7IN8Q-guadalupe@botmaker.io-1582900959258
CIU05CUX03 Belgrano,Barrio de Belgrano,RuleBuilder:PLBWX5XYGQ2B3GP7IN8Q-c61caaaa4519d29@bm.com-1637334113443
EDU04CUX02 Apertura,Distritos escolares,RuleBuilder:PLBWX5XYGQ2B3GP7IN8Q-ferjuan@botmaker.io-1548184821724
TR03CUX05 Permiso de uso del espacio p√∫blico habilitaci√≥n para filmaci√≥n y fotograf√≠a,Filmar v√≠a p√∫blica,RuleBuilder:PLBWX5XYGQ2B3GP7IN8Q-guadalupe@botmaker.io-1575398048957
MO04CUX01 Sacar turno,Turno VTV,RuleBuilder:PLBWX5XYGQ2B3GP7IN8Q-016flc4kj9@b.m-1652382370693
CU01CUX02 Apertura,Museos,RuleBuilder:PLBWX5XYGQ2B3GP7IN8Q-guadalupe@botmaker.io-1571670970649
CO02CUX02 Apertura,Cuidado del agua,RuleBuilder:PLBWX5XYGQ2B3GP7IN8Q-ferjuan@botmaker.io-1556889833622
CIU03CUX05 Apertura,Cuentas p√∫blicas,RuleBuilder:PLBWX5XYGQ2B3GP7IN8Q-m4nr5kjxqc@b.m-1679401600867
TR03CUX09 Consulta Tr√°mites APRA online,APRA: Consultas,RuleBuilder:PLBWX5XYGQ2B3GP7IN8Q-1yk4fkisif@b.m-1627927394506
DH01CUX02 Apertura,L√≠nea 108,RuleBuilder:PLBWX5XYGQ2B3GP7IN8Q-mbzfm3m31j@b.m-1648495710984
TR04CUX41 Antecedentes penales,Antecedentes penales,RuleBuilder:PLBWX5XYGQ2B3GP7IN8Q-f6ft20rjn9@b.m-1664394819917
CU01CUX02 Buenos Aires Museo,Buenos Aires Museo,RuleBuilder:PLBWX5XYGQ2B3GP7IN8Q-e4cf06a5474802f@bm.com-1623859436003
DH07CUX02 SAP Inclusi√≥n Laboral,Inclusi√≥n Laboral,RuleBuilder:PLBWX5XYGQ2B3GP7IN8Q-elfcshgqll@b.m-1688664148635
"CU04CUX36 Ciudad Emergente (Post evento, ex apertura 2023)",Ciudad Emergente,RuleBuilder:PLBWX5XYGQ2B3GP7IN8Q-ibb1sc7l0m@b.m-1696443433223
CU01CUX02 Museo Bellas Artes,Museo Bellas Artes,RuleBuilder:PLBWX5XYGQ2B3GP7IN8Q-guadalupe@botmaker.io-1571677454660
SUA01CUX00 Apertura,Solicitudes üë∑,RuleBuilder:PLBWX5XYGQ2B3GP7IN8Q-e6f14faf47ab40f@bm.com-1638209334091
CU01CUX02 Museo Luis Perlotti,Museo de Esculturas,RuleBuilder:PLBWX5XYGQ2B3GP7IN8Q-9df55b9a49f812b@bm.com-1634310827476
SA10CUX02 Apertura,CeSACs,RuleBuilder:PLBWX5XYGQ2B3GP7IN8Q-718c4403496940a@bm.com-1667845011803
NI01CUX05 Boticuentos,Boticuentos üìö,RuleBuilder:PLBWX5XYGQ2B3GP7IN8Q-lq8y00zagm@b.m-1692196408863
AC01CUX02 Gobierno Nacional,Gobierno Nacional,RuleBuilder:PLBWX5XYGQ2B3GP7IN8Q-fernando@botmaker.com-1535864488209-1386
MO04CUX01 Qui√©nes no pagan VTV,Qui√©nes no pagan VTV,RuleBuilder:PLBWX5XYGQ2B3GP7IN8Q-tjd38k8kp0@b.m-1693244097177
CIU05CUX03 Villa Santa Rita,Villa Santa Rita,RuleBuilder:PLBWX5XYGQ2B3GP7IN8Q-0054900243ca059@bm.com-1638543613533
Apertura - Carpeta ciudadana,Carpeta ciudadana,RuleBuilder:PLBWX5XYGQ2B3GP7IN8Q-guadalupe@botmaker.io-1560890005630
EM04CUX02 Mujer Emprendedora,Mujer Emprendedora,RuleBuilder:PLBWX5XYGQ2B3GP7IN8Q-ferjuan@botmaker.io-1550508055200
EP02CUX02 Recolecci√≥n,Recolecci√≥n residuos,RuleBuilder:PLBWX5XYGQ2B3GP7IN8Q-guadalupe@botmaker.io-1588605792048
Agentes humanos * Apertura beta,Hablar con alguien,RuleBuilder:PLBWX5XYGQ2B3GP7IN8Q-ff4a543a461bbde@bm.com-1626291225484
EP02CUX02 Apertura,Limpieza V√≠a P√∫blica,RuleBuilder:PLBWX5XYGQ2B3GP7IN8Q-guadalupe@botmaker.io-1588280473941
Rutramur * Apertura,RUTRAMUR,RuleBuilder:PLBWX5XYGQ2B3GP7IN8Q-9d9f2e82479bdc6@bm.com-1611260427931
TR01CUX01 Apertura,Tr√°mites docentes,RuleBuilder:PLBWX5XYGQ2B3GP7IN8Q-x40zakxij8@b.m-1643303507931
DH07CUX01 Apertura,Redes para inclusi√≥n,RuleBuilder:PLBWX5XYGQ2B3GP7IN8Q-fty07gux8x@b.m-1661453235555
TR03CUX17 Carriles exclusivos Av. C√≥rdoba,Tr√°nsito Av. C√≥rdoba,RuleBuilder:PLBWX5XYGQ2B3GP7IN8Q-uov29vp736@b.m-1627919827584
CU05CUX01 Apertura,Bibliotecas de BA,RuleBuilder:PLBWX5XYGQ2B3GP7IN8Q-4pefum0myw@b.m-1631643781450
EDU05CUX03 Ser profesional,Ser profesional,RuleBuilder:PLBWX5XYGQ2B3GP7IN8Q-e81a0c724d4b412@bm.com-1628714493615
Viaductos,Viaductos en BA üöâ,RuleBuilder:PLBWX5XYGQ2B3GP7IN8Q-ferjuan@botmaker.io-1554301989124
Permiso de espect√°culos musicales en vivo,Permiso espect√°culos,RuleBuilder:PLBWX5XYGQ2B3GP7IN8Q-ferjuan@botmaker.io-1548250959242
TR01CUX03  Apertura,Plano archivado,RuleBuilder:PLBWX5XYGQ2B3GP7IN8Q-c06pzb0ins@b.m-1646248861854
TR03CUX20 Permiso de uso precario en mercado de pulgas,Mercado de Pulgas,RuleBuilder:PLBWX5XYGQ2B3GP7IN8Q-guadalupe@botmaker.io-1568832458478
CU01CUX14 Apertura Est√°tico,MIJU üèõÔ∏è,RuleBuilder:PLBWX5XYGQ2B3GP7IN8Q-wm694z119p@b.m-1691696079834
SA08CUX01 Apertura,Donaci√≥n de sangre,RuleBuilder:PLBWX5XYGQ2B3GP7IN8Q-guadalupe@botmaker.io-1599252713526
TR03CUX09 Rampas en veredas,Rampas en veredas,RuleBuilder:PLBWX5XYGQ2B3GP7IN8Q-guadalupe@botmaker.io-1572890616638
DEC02CUX01 Apertura,Distrito del Vino üç∑,RuleBuilder:PLBWX5XYGQ2B3GP7IN8Q-q98zjjboia@b.m-1672751096979
Registro de bares,Registrar un bar,RuleBuilder:PLBWX5XYGQ2B3GP7IN8Q-ferjuan@botmaker.io-1548253040560
MA01CUX01 Jornadas de adopci√≥n,Adopci√≥n de mascotas,RuleBuilder:PLBWX5XYGQ2B3GP7IN8Q-1cm9suzv33@b.m-1639505421821
EDU04CUX19 Tengo una consulta,Consultas Minecraft,RuleBuilder:PLBWX5XYGQ2B3GP7IN8Q-roksagcomi@b.m-1678714341177
TR03CUX20 Permiso de uso precario en ferias artesanales,Vender en ferias,RuleBuilder:PLBWX5XYGQ2B3GP7IN8Q-guadalupe@botmaker.io-1568831871449
CU01CUX16 Apertura,Noche de los Museos,RuleBuilder:PLBWX5XYGQ2B3GP7IN8Q-fmxntznohu@b.m-1691777689722
CIU02CUX01 Sedes comunales,Sedes comunales üîç,RuleBuilder:PLBWX5XYGQ2B3GP7IN8Q-danielalallopizzo@botmaker.io-1600954608565
Apertura Preguntar Selecci√≥n Ubicaci√≥n | Servicio de Cercan√≠a,Servicios cercanos,RuleBuilder:PLBWX5XYGQ2B3GP7IN8Q-ruben@botmaker.io-1567110058274
CU04CUX37 Apertura,Noche de los teatros,RuleBuilder:PLBWX5XYGQ2B3GP7IN8Q-zxvif6nmgx@b.m-1697655361378
CU03CUX05 Apertura,Revista BUENA,RuleBuilder:PLBWX5XYGQ2B3GP7IN8Q-2o9n5jtzl1@b.m-1641393872585
CIU05CUX01 Apertura,Sede Gobierno GCBA,RuleBuilder:PLBWX5XYGQ2B3GP7IN8Q-ferjuan@botmaker.io-1549026384974
EDU05CUX02 * Apertura,Study BA,RuleBuilder:PLBWX5XYGQ2B3GP7IN8Q-57dcf6784fbae9f@bm.com-1614959872747
MO04CUX01 Cu√°ndo vence mi VTV,Cu√°ndo vence mi VTV,RuleBuilder:PLBWX5XYGQ2B3GP7IN8Q-mqafan71jc@b.m-1652382134061
CIU05CUX03 Villa Lugano,Barrio Villa Lugano,RuleBuilder:PLBWX5XYGQ2B3GP7IN8Q-ff46681649caa2a@bm.com-1638470466346
MA01CUX01 Vacuna antirr√°bica,Vacuna antirr√°bica,RuleBuilder:PLBWX5XYGQ2B3GP7IN8Q-ferjuan@botmaker.io-1553614551394
SE06CUX01  Apertura,Senderos escolares,RuleBuilder:PLBWX5XYGQ2B3GP7IN8Q-3xk0q8ylp3@b.m-1664809199681
TR01CUX21 Apertura,Tr√°mites a Distancia,RuleBuilder:PLBWX5XYGQ2B3GP7IN8Q-pazl3poqtv@b.m-1683054203368
EDU04CUX03 Apertura,Boleto estudiantil,RuleBuilder:PLBWX5XYGQ2B3GP7IN8Q-ferjuan@botmaker.io-1551465516838
CO12CUX01 Apertura,Cortes de luz,RuleBuilder:PLBWX5XYGQ2B3GP7IN8Q-enfyuaehnr@b.m-1679150678711
CU01CUX02 Casa Fern√°ndez Blanco,Casa F. Blanco,RuleBuilder:PLBWX5XYGQ2B3GP7IN8Q-kc3fg3jvds@b.m-1655910732854
CIU05CUX03 Chacarita,Barrio de Chacarita,RuleBuilder:PLBWX5XYGQ2B3GP7IN8Q-74e4d550437826f@bm.com-1637349014022
MO05CUX04 Apertura,Pista de manejo üöô,RuleBuilder:PLBWX5XYGQ2B3GP7IN8Q-402iq5qbc7@b.m-1672940008083
MO03CUX01 L√≠nea A üîµ (horarios),Horarios L√≠nea A üîµ,RuleBuilder:PLBWX5XYGQ2B3GP7IN8Q-xvez5l0kr1@b.m-1689859654462
BOT03CUX01 Apertura,C√≥mo hablar con Boti,RuleBuilder:PLBWX5XYGQ2B3GP7IN8Q-c3ppv2i9s1@b.m-1649095059081
EDU05CUX03 Apertura,Carreras terciarias,RuleBuilder:PLBWX5XYGQ2B3GP7IN8Q-ferjuan@botmaker.io-1552484879294
CU09CUX01 CCR,Cultural Recoleta,RuleBuilder:PLBWX5XYGQ2B3GP7IN8Q-guadalupe@botmaker.io-1571679214570
SE01CUX03  Apertura,Agentes prevenci√≥n,RuleBuilder:PLBWX5XYGQ2B3GP7IN8Q-n3xtg5yigf@b.m-1664806576352
miBA01CUX01  Cambiar mis datos,Cambiar datos miBA,RuleBuilder:PLBWX5XYGQ2B3GP7IN8Q-oko7nuplzn@b.m-1653056509938
DDHH03CUX05 Apertura,Observatorio SIPROID,RuleBuilder:PLBWX5XYGQ2B3GP7IN8Q-guadalupe@botmaker.io-1559586946319
MO03CUX01 L√≠nea E üü£ (horarios),Horarios L√≠nea E üü£,RuleBuilder:PLBWX5XYGQ2B3GP7IN8Q-35yl0mpdra@b.m-1689879169015
BA Pyme,BA PyMEs,RuleBuilder:PLBWX5XYGQ2B3GP7IN8Q-guadalupe@botmaker.io-1568211188189
TR03CUX09 Petici√≥n ciudadana,Petici√≥n ciudadana,RuleBuilder:PLBWX5XYGQ2B3GP7IN8Q-guadalupe@botmaker.io-1572462056171
TR02CUX14 Apertura por Whatsapp,Solicitud de Partida,RuleBuilder:PLBWX5XYGQ2B3GP7IN8Q-p7o7yuoq7i@b.m-1688998686012
CU01CUX02 Col√≥n F√°brica,Col√≥n F√°brica,RuleBuilder:PLBWX5XYGQ2B3GP7IN8Q-1gblv6176f@b.m-1642001831114
MO06CUX02 Apertura,Ecobici en BA,RuleBuilder:PLBWX5XYGQ2B3GP7IN8Q-qzc71s1fk6@b.m-1659540962131
TU03CUX01 Apertura f√∫tbol,Estadios de f√∫tbol,RuleBuilder:PLBWX5XYGQ2B3GP7IN8Q-e61b36274b6b758@bm.com-1645804849037
CU01CUX02 Museo Saavedra,Museo Saavedra,RuleBuilder:PLBWX5XYGQ2B3GP7IN8Q-uga4bbdrc2@b.m-1676559288304
AG01CUX01 Hablar con AGIP,Hablar con AGIP,RuleBuilder:PLBWX5XYGQ2B3GP7IN8Q-qf8tpj2ydk@b.m-1647012023882
AM02CUX01 Apertura,Cambio clim√°tico,RuleBuilder:PLBWX5XYGQ2B3GP7IN8Q-6f6ede0a4c39e4f@bm.com-1608065067217
ED00CUX01 Nivel secundario,Nivel secundario,RuleBuilder:PLBWX5XYGQ2B3GP7IN8Q-kstqyn5b9e@b.m-1653662674183
CIU05CUX03 San Cristobal,San Crist√≥bal,RuleBuilder:PLBWX5XYGQ2B3GP7IN8Q-91e06e924f7906f@bm.com-1638384668274
SA02CUX03 Apertura,Certificado COVID,RuleBuilder:PLBWX5XYGQ2B3GP7IN8Q-71c6400b44eb278@bm.com-1625505635484
EDU05CUX01 Apertura,Ayuda universitarios,RuleBuilder:PLBWX5XYGQ2B3GP7IN8Q-ferjuan@botmaker.io-1554309388656
SE00CUX01 Polic√≠a,Polic√≠a de la ciudad,RuleBuilder:PLBWX5XYGQ2B3GP7IN8Q-ferjuan@botmaker.io-1545252361101
CIU05CUX03 Villa Ort√∫zar,Barrio Villa Ort√∫zar,RuleBuilder:PLBWX5XYGQ2B3GP7IN8Q-98c813e44289d36@bm.com-1638473570624
SA08CUX01 Donaci√≥n de sangre,Donar sangre ü©∏,RuleBuilder:PLBWX5XYGQ2B3GP7IN8Q-guadalupe@botmaker.io-1588619722453
ED04CUX17 Apertura,App miEscuela,RuleBuilder:PLBWX5XYGQ2B3GP7IN8Q-5bkj1pu3yw@b.m-1663176628973
CIU03CUX01 Gasto p√∫blico,Gasto p√∫blico,RuleBuilder:PLBWX5XYGQ2B3GP7IN8Q-ferjuan@botmaker.io-1544475564615
CU01CUX02 Museo Fern√°ndez Blanco,Museo F. Blanco,RuleBuilder:PLBWX5XYGQ2B3GP7IN8Q-5f8f6df0480aee7@bm.com-1623860498839
EDU04CUX04 Apertura,Centros Educativos,RuleBuilder:PLBWX5XYGQ2B3GP7IN8Q-ferjuan@botmaker.io-1557496981328
DH02CUX01 Apertura,Econom√≠a popular,RuleBuilder:PLBWX5XYGQ2B3GP7IN8Q-58e20f51457b8fe@bm.com-1624906761827
OB05CUX02 Permiso temprano,Permiso de obra,RuleBuilder:PLBWX5XYGQ2B3GP7IN8Q-b95y5cit3k@b.m-1689779978138
TR03CUX09 Registro de generadores de contaminantes atmosf√©ricos provenientes de fuentes fijas (REF),Generadores fijos,RuleBuilder:PLBWX5XYGQ2B3GP7IN8Q-guadalupe@botmaker.io-1561730492534
CU02CUX01 Complejo Teatral,Complejo Teatral BA,RuleBuilder:PLBWX5XYGQ2B3GP7IN8Q-guadalupe@botmaker.io-1578503764221
CIU05CUX07 Apertura Corta,Barrio Mugica,RuleBuilder:PLBWX5XYGQ2B3GP7IN8Q-8u3jeatgy5@b.m-1695821110704
CIU05CUX03 Caballito,Barrio de Caballito,RuleBuilder:PLBWX5XYGQ2B3GP7IN8Q-303135334c6bbcf@bm.com-1637347001952
SA10CUX03 Mapa de Salud,Mapa de Salud üè•,RuleBuilder:PLBWX5XYGQ2B3GP7IN8Q-fernando@botmaker.com-1535864488219-5208
VI01CUX01 Apertura,Viviendas en BA,RuleBuilder:PLBWX5XYGQ2B3GP7IN8Q-rodrigo@botmaker.io-1535978128287
Consulta de Expedientes Electr√≥nicos *Apertura,Consultar expediente,RuleBuilder:PLBWX5XYGQ2B3GP7IN8Q-b1697a9547c973e@bm.com-1637856563225
AG01CUX01 Cambiar titularidad ABL,Cambiar titular ABL,RuleBuilder:PLBWX5XYGQ2B3GP7IN8Q-fernando@botmaker.com-1536203508108-2571
GE03CUX03 Apertura,Personas que cuidan,RuleBuilder:PLBWX5XYGQ2B3GP7IN8Q-d7f6sykdtm@b.m-1667398381740
TUR01CUX04 Apertura,Turno Uni√≥n Civil,RuleBuilder:PLBWX5XYGQ2B3GP7IN8Q-avmhr93c2e@b.m-1656963593977
ED00CUX01 Nivel inicial,Nivel inicial,RuleBuilder:PLBWX5XYGQ2B3GP7IN8Q-k7pea96wty@b.m-1653662587527
OB05CUX02 Permisos de obra,Permisos de obra,RuleBuilder:PLBWX5XYGQ2B3GP7IN8Q-7l0b0jvb4w@b.m-1655817241206
TR03CUX09 Presentar documentaci√≥n a agregar en Expediente Electr√≥nico APRA,APRA: Editar Exp. üìù,RuleBuilder:PLBWX5XYGQ2B3GP7IN8Q-xdrbhfnhmn@b.m-1627927002020
MO04CUX03 Apertura,Estacionar sin pagar,RuleBuilder:PLBWX5XYGQ2B3GP7IN8Q-jil2c85hy2@b.m-1652106756791
ED06CUX02 Apertura,Educaci√≥n Inclusiva,RuleBuilder:PLBWX5XYGQ2B3GP7IN8Q-rudn80q6ek@b.m-1648755316651
CU06CUX03 Cambio de DNI,Cambiar g√©nero DNI,RuleBuilder:PLBWX5XYGQ2B3GP7IN8Q-0rm7j8olc6@b.m-1657633402082
CU04CUX38 Apertura pre-evento,Noche de disquer√≠as,RuleBuilder:PLBWX5XYGQ2B3GP7IN8Q-7ew36wjtzo@b.m-1697721561360
SA07CUX01 Hepatitis B,Hepatitis B,RuleBuilder:PLBWX5XYGQ2B3GP7IN8Q-guadalupe@botmaker.io-1586367127867
TR03CUX09 Impacto ambiental,Certif. Aptitud Amb.,RuleBuilder:PLBWX5XYGQ2B3GP7IN8Q-guadalupe@botmaker.io-1561559567568
Auto mal estacionado - Apertura,Auto mal estacionado,RuleBuilder:PLBWX5XYGQ2B3GP7IN8Q-rodolfo@botmaker.io-1570111113123
TR02CUX05 - Apertura,Constancia de alumno,RuleBuilder:PLBWX5XYGQ2B3GP7IN8Q-scasoz5eub@b.m-1654179624992
JU01CUX01 Apertura,Servicios Jur√≠dicos,RuleBuilder:PLBWX5XYGQ2B3GP7IN8Q-8d154e5645c90c4@bm.com-1641396993010
TR03CUX05 Reservas del sal√≥n de actos de la biblioteca del docente,Sal√≥n de actos,RuleBuilder:PLBWX5XYGQ2B3GP7IN8Q-guadalupe@botmaker.io-1575400924490
CIU05CUX03 Apertura,Barrios de la Ciudad,RuleBuilder:PLBWX5XYGQ2B3GP7IN8Q-de5be59648ab81a@bm.com-1637076470933
AC01CUX03 Gobierno Provincia Bs As,Gobierno PBA,RuleBuilder:PLBWX5XYGQ2B3GP7IN8Q-fernando@botmaker.com-1535864488205-7600
CU02CUX01 Apertura,Teatros de la Ciudad,RuleBuilder:PLBWX5XYGQ2B3GP7IN8Q-guadalupe@botmaker.io-1572962232260
EDU04CUX28 Apertura,Cambio de escuela,RuleBuilder:PLBWX5XYGQ2B3GP7IN8Q-ferjuan@botmaker.io-1549308478695
TU01CUX01 Apertura,Turismo,RuleBuilder:PLBWX5XYGQ2B3GP7IN8Q-742a0b3f4599160@bm.com-1632862004698
TR04CUX02 Reci√©n nacido,DNI Reci√©n Nacidos,RuleBuilder:PLBWX5XYGQ2B3GP7IN8Q-fernando@botmaker.com-1535864819150-4978
MO04CUX05 Consulta de saldo,Consultar saldo SUBE,RuleBuilder:PLBWX5XYGQ2B3GP7IN8Q-guadalupe@botmaker.io-1597173934812
CU09CUX03 Apertura,Palacio Barolo,RuleBuilder:PLBWX5XYGQ2B3GP7IN8Q-guadalupe@botmaker.io-1578322460044
Licencia prorroga  > Consultar,Consulta pr√≥rroga,RuleBuilder:PLBWX5XYGQ2B3GP7IN8Q-958ea93c4598a57@bm.com-1639163366259
Voluntarios BA,Voluntarios BA,RuleBuilder:PLBWX5XYGQ2B3GP7IN8Q-guadalupe@botmaker.io-1580836420204
SA07CUX01 Vasectom√≠a,Vasectom√≠a,RuleBuilder:PLBWX5XYGQ2B3GP7IN8Q-guadalupe@botmaker.io-1586366374908
DH01CUX01 Subsidio Habitacional 690,Habitacional 690,RuleBuilder:PLBWX5XYGQ2B3GP7IN8Q-8rndkuk2gu@b.m-1648492417450
MO06CUX01 Apertura,Bicicletas,RuleBuilder:PLBWX5XYGQ2B3GP7IN8Q-h7cftwifng@b.m-1697132379012
TR01CUX18  Apertura,Mis habilitaciones,RuleBuilder:PLBWX5XYGQ2B3GP7IN8Q-kehvn1gnqc@b.m-1642000056914
VI01CUX01 Alquilar,Quiero alquilar üè†,RuleBuilder:PLBWX5XYGQ2B3GP7IN8Q-rodrigo@botmaker.io-1535978257072
AM04CUX03 Apertura,Lago Lugano,RuleBuilder:PLBWX5XYGQ2B3GP7IN8Q-1f748117451b5ff@bm.com-1623180870159
EDU01CUX04 Apertura,Becas Alimentarias,RuleBuilder:PLBWX5XYGQ2B3GP7IN8Q-d56fddc84e9a546@bm.com-1618926586006
DH03CUX01 Certificado,Certif. Discapacidad,RuleBuilder:PLBWX5XYGQ2B3GP7IN8Q-danielalallopizzo@botmaker.io-1600454394029
TUR01CUX01 Apertura,Nuevo ejemplar DNI,RuleBuilder:PLBWX5XYGQ2B3GP7IN8Q-az3zfizz3a@b.m-1646934992929
CIU05CUX03 Saavedra,Barrio de Saavedra,RuleBuilder:PLBWX5XYGQ2B3GP7IN8Q-90a2b61942d8d88@bm.com-1638383859038
CIU05CUX03 Almagro,Barrio de Almagro,RuleBuilder:PLBWX5XYGQ2B3GP7IN8Q-277b7fa24de960c@bm.com-1637164551110
TR03CUX09 Informe de impacto ac√∫stico para eventos masivos,Evento masivo üîà,RuleBuilder:PLBWX5XYGQ2B3GP7IN8Q-guadalupe@botmaker.io-1566911002060
AM03CUX04 Apertura Ambiente,Ambiente,RuleBuilder:PLBWX5XYGQ2B3GP7IN8Q-23bf9b7e4ceb358@bm.com-1610635506745
MA01CUX01 Apertura Salud,Salud mascotas,RuleBuilder:PLBWX5XYGQ2B3GP7IN8Q-ferjuan@botmaker.io-1553535155329
DH01CUX01 Situaci√≥n de calle,Situaci√≥n de calle,RuleBuilder:PLBWX5XYGQ2B3GP7IN8Q-r2obsedyse@b.m-1648492136794
BOT06CUX01 Stickers,Stickers de Boti,RuleBuilder:PLBWX5XYGQ2B3GP7IN8Q-t9ila505cp@b.m-1657564733584
DE04CUX01 Apertura,Polideportivos,RuleBuilder:PLBWX5XYGQ2B3GP7IN8Q-guadalupe@botmaker.io-1567013325856
CO08CUX06 Apertura,Skatepark Villa Luro,RuleBuilder:PLBWX5XYGQ2B3GP7IN8Q-ws7129w4u2@b.m-1697554042062
VI01CUX07 Apertura,Cr√©dito de alquiler,RuleBuilder:PLBWX5XYGQ2B3GP7IN8Q-us9hdwdwk0@b.m-1686661284455
TU01CUX01 Turismo accesible,Turismo accesible ‚ôø,RuleBuilder:PLBWX5XYGQ2B3GP7IN8Q-8204dbf449ea1cb@bm.com-1633119834571
Preinscripciones * Apertura,Estado inscripci√≥nüìö,RuleBuilder:PLBWX5XYGQ2B3GP7IN8Q-66355f854dbb47b@bm.com-1637677705189
EDU04CUX21 Apertura,Inscripci√≥n escolar,RuleBuilder:PLBWX5XYGQ2B3GP7IN8Q-guadalupe@botmaker.io-1569953482532
CU01CUX01 Apertura,Usina del Arte,RuleBuilder:PLBWX5XYGQ2B3GP7IN8Q-guadalupe@botmaker.io-1567086576298
CIU05CUX02 Mapa de la Ciudad,Mapa de la Ciudad,RuleBuilder:PLBWX5XYGQ2B3GP7IN8Q-fernando@botmaker.com-1535864488219-9445
CU04CUX17 Apertura,Mes de la cultura,RuleBuilder:PLBWX5XYGQ2B3GP7IN8Q-3mlzy76vyr@b.m-1667400288813
SUA01CUX00  Higiene urbana,Higiene urbana,RuleBuilder:PLBWX5XYGQ2B3GP7IN8Q-tx83sokc8g@b.m-1653589620829
TR03CUX20 Permiso de uso precario en ferias de libros,Puesto de libros,RuleBuilder:PLBWX5XYGQ2B3GP7IN8Q-guadalupe@botmaker.io-1568832027785
TR03CUX12 Mantenimiento de b√≥veda,Mantener b√≥veda,RuleBuilder:PLBWX5XYGQ2B3GP7IN8Q-smblfn0fmd@b.m-1627918227699
MO08CUX03 Contactarme con AUSA,Contactarme con AUSA,RuleBuilder:PLBWX5XYGQ2B3GP7IN8Q-guadalupe@botmaker.io-1597321254078
GE01CUX02 Apertura,Violencia de g√©nero,RuleBuilder:PLBWX5XYGQ2B3GP7IN8Q-ferjuan@botmaker.io-1545350080439
SA03CUX02 * Apertura,Vacuna Antigripal,RuleBuilder:PLBWX5XYGQ2B3GP7IN8Q-692e7e0049daa40@bm.com-1618337188638
INN09CUX01 Apertura,Firma digital,RuleBuilder:PLBWX5XYGQ2B3GP7IN8Q-4v5h80y21k@b.m-1697721669586
MA01CUX01 Atenci√≥n cl√≠nica,Atenci√≥n veterinaria,RuleBuilder:PLBWX5XYGQ2B3GP7IN8Q-rodrigo@botmaker.io-1536342525050
SA01CUX06  Apertura,Vacunaci√≥n COVID-19,RuleBuilder:PLBWX5XYGQ2B3GP7IN8Q-1da67db24c9b0d7@bm.com-1609251617565
EDU03CUX06 Apertura,Escuela de Maestros,RuleBuilder:PLBWX5XYGQ2B3GP7IN8Q-ferjuan@botmaker.io-1542981194221
NI01CUX01 Superapertura Boticl√°sicos,Boticl√°sicos,RuleBuilder:PLBWX5XYGQ2B3GP7IN8Q-xqlae9hjoy@b.m-1660827656265
AC01CUX01 Apertura de contingencia BUE,Boleta Electr√≥nica,RuleBuilder:PLBWX5XYGQ2B3GP7IN8Q-qfds9jjqgp@b.m-1692126722189
Hisopado * Apertura,Resultado hisopadoüß™,RuleBuilder:PLBWX5XYGQ2B3GP7IN8Q-fabricio.loupias@bue.edu.ar-1604078527787
TR04CUX11 Registro Civil - D√≥nde pueden casarse,D√≥nde casarse,RuleBuilder:PLBWX5XYGQ2B3GP7IN8Q-danielalallopizzo@botmaker.io-1605814186599
TR03CUX08 Baja de habilitaci√≥n comercial,Baja de habilitaci√≥n,RuleBuilder:PLBWX5XYGQ2B3GP7IN8Q-guadalupe@botmaker.io-1573666449575
CO04CUX08  La Scaloneta,La Scaloneta,RuleBuilder:PLBWX5XYGQ2B3GP7IN8Q-ygz80lyiic@b.m-1668708310411
MO04CUX05 Tarifa Social,Tarifa Social SUBE,RuleBuilder:PLBWX5XYGQ2B3GP7IN8Q-guadalupe@botmaker.io-1573236810111
CU01CUX02 Museo Contempor√°neo,Museo Contempor√°neo,RuleBuilder:PLBWX5XYGQ2B3GP7IN8Q-guadalupe@botmaker.io-1571677747943
ED00CUX01 Nivel superior,Nivel superior,RuleBuilder:PLBWX5XYGQ2B3GP7IN8Q-k7q5d1vf18@b.m-1653662805569
AC02CUX01 Apertura,Defensa Consumidor,RuleBuilder:PLBWX5XYGQ2B3GP7IN8Q-fernando@botmaker.com-1535864488204-4243
TR04CUX31 Apertura,Legalizar t√≠tulo üéì,RuleBuilder:PLBWX5XYGQ2B3GP7IN8Q-fernando@botmaker.com-1535864488210-9704
CIU05CUX03 Nueva Pompeya,Barrio Nueva Pompeya,RuleBuilder:PLBWX5XYGQ2B3GP7IN8Q-acfc93c3428babd@bm.com-1638285716458
GA02CUX01 Apertura,Ferias de la Ciudad,RuleBuilder:PLBWX5XYGQ2B3GP7IN8Q-38jx4jxbdy@b.m-1649869438562
TR04CUX32  Apertura,Pasaporte ‚úàÔ∏è,RuleBuilder:PLBWX5XYGQ2B3GP7IN8Q-v12k7ik6oz@b.m-1681739303091
Inscripci√≥n de divorcio en acta de matrimonio *Apertura,Inscribir divorcio,RuleBuilder:PLBWX5XYGQ2B3GP7IN8Q-fernando@botmaker.com-1535864819146-1111
CIU05CUX03 La Boca,Barrio de La Boca,RuleBuilder:PLBWX5XYGQ2B3GP7IN8Q-797abd24467a858@bm.com-1637779657673
DH09CUX01 Primeros meses,Red Primeros Meses,RuleBuilder:PLBWX5XYGQ2B3GP7IN8Q-guadalupe@botmaker.io-1557942053840
EDU02CUX02 * Apertura,Educaci√≥n no formal,RuleBuilder:PLBWX5XYGQ2B3GP7IN8Q-ajd05uhzot@b.m-1646231566369
TR03CUX08 Registro de empresas demoledoras y excavadoras,AGC: Demoledoras,RuleBuilder:PLBWX5XYGQ2B3GP7IN8Q-guadalupe@botmaker.io-1573674723057
BOT02CUX01 Apertura,Historia de Boti ü§ñ,RuleBuilder:PLBWX5XYGQ2B3GP7IN8Q-az0c648flw@b.m-1645553157053
CIU05CUX04 Apertura,Pasear por la Ciudad,RuleBuilder:PLBWX5XYGQ2B3GP7IN8Q-e50zktv6ev@b.m-1676315799060
miBA01CUX01  Apertura,Sobre miBA,RuleBuilder:PLBWX5XYGQ2B3GP7IN8Q-abygpcabx0@b.m-1653056277425
Vacunaci√≥n Covid-19 (Apertura) -> Sobre la vacuna *Response > Pfizer *Response,Pfizer,RuleBuilder:PLBWX5XYGQ2B3GP7IN8Q-09e6ded64fd9b83@bm.com-1633014902304
TR03CUX17 Reserva de espacio para estacionamiento de veh√≠culos de personas con discapacidad,Estacionamiento ‚ôø,RuleBuilder:PLBWX5XYGQ2B3GP7IN8Q-guadalupe@botmaker.io-1569870152381
AC04CUX01 Apertura 147,Atenci√≥n 147,RuleBuilder:PLBWX5XYGQ2B3GP7IN8Q-fernando@botmaker.com-1536001595822-5783
TR03CUX09 Denuncia vinculada con residuos patol√≥gicos,Residuos patol√≥gicos,RuleBuilder:PLBWX5XYGQ2B3GP7IN8Q-guadalupe@botmaker.io-1572458597759
TR04CUX32 Pasaporte expr√©s,Pasaporte expr√©s,RuleBuilder:PLBWX5XYGQ2B3GP7IN8Q-qfwmd7tm9t@b.m-1681739382819
EP03CUX01  Apertura,Arbolado urbano,RuleBuilder:PLBWX5XYGQ2B3GP7IN8Q-dsi6cb9o76@b.m-1647371142445
AC02CUX03 Emergencias 911,Emergencias 911 ‚òéÔ∏è,RuleBuilder:PLBWX5XYGQ2B3GP7IN8Q-fernando@botmaker.com-1535864488212-2518
EM01CUX02 Apertura corta,Violencia laboral,RuleBuilder:PLBWX5XYGQ2B3GP7IN8Q-ngcx07zth5@b.m-1697649263257
MO08CUX03 Dar de Baja,Dar de baja TelePASE,RuleBuilder:PLBWX5XYGQ2B3GP7IN8Q-50d17d7b4b2af09@bm.com-1616787898448
CIU04CUX01 Apertura,Censos en la Ciudad,RuleBuilder:PLBWX5XYGQ2B3GP7IN8Q-w662wok2hf@b.m-1663355432627
Tarifa prefijada üõ¨ * Apertura,Fijar tarifa taxi,RuleBuilder:PLBWX5XYGQ2B3GP7IN8Q-27bc2c1a4be9698@bm.com-1637696226042
GA01CUX01 Patios,Patios Gastron√≥micos,RuleBuilder:PLBWX5XYGQ2B3GP7IN8Q-guadalupe@botmaker.io-1560882044616
TR03CUX05 Inscripci√≥n a la escuela de la joya,Escuela de la joya,RuleBuilder:PLBWX5XYGQ2B3GP7IN8Q-guadalupe@botmaker.io-1575400541978
DH05CUX01 Apertura,Adicciones,RuleBuilder:PLBWX5XYGQ2B3GP7IN8Q-sh43wmyj72@b.m-1656351343698
Apertura | Certificado de Pobreza,Certificado Pobreza,RuleBuilder:PLBWX5XYGQ2B3GP7IN8Q-guadalupe@botmaker.io-1567084887552
TR01CUX16 Apertura,Aviso de obra,RuleBuilder:PLBWX5XYGQ2B3GP7IN8Q-dsqahhgvn3@b.m-1647284308071
TR03CUX07 Apertura Inscripci√≥n al registro p√∫blico de salvavidas,Registro salvavidas,RuleBuilder:PLBWX5XYGQ2B3GP7IN8Q-guadalupe@botmaker.io-1572963928107
BA Empresas,BA Empresas,RuleBuilder:PLBWX5XYGQ2B3GP7IN8Q-guadalupe@botmaker.io-1568211570859
CIU01CUX01 Apertura,Transformaci√≥n GCBA,RuleBuilder:PLBWX5XYGQ2B3GP7IN8Q-a0vuuy4xqy@b.m-1647020131968
TR04CUX23 Apertura,Boleta BUI,RuleBuilder:PLBWX5XYGQ2B3GP7IN8Q-uq5ih4cjc9@b.m-1661868287316
OB05CUX02 Permiso Micro Obra,Permiso de obra,RuleBuilder:PLBWX5XYGQ2B3GP7IN8Q-h5sk44v914@b.m-1689780012100
CIU05CUX03 Villa Riachuelo,Villa Riachuelo,RuleBuilder:PLBWX5XYGQ2B3GP7IN8Q-4dd58874478aea9@bm.com-1638542997608
VI01CUX03 Apertura,Copia de escritura,RuleBuilder:PLBWX5XYGQ2B3GP7IN8Q-667858ce4f39d1f@bm.com-1645793692013
GA03CUX10 Apertura,Comunidad MAPPA,RuleBuilder:PLBWX5XYGQ2B3GP7IN8Q-g54w06zqwh@b.m-1678895073383
ED04CUX15 Apertura,Escuelas biling√ºes,RuleBuilder:PLBWX5XYGQ2B3GP7IN8Q-6atfr1u08v@b.m-1647008720459
TU03CUX01 V√©lez Sarsfield,Estadio Amalfitani,RuleBuilder:PLBWX5XYGQ2B3GP7IN8Q-410af2bc4528656@bm.com-1645807988064
MO04CUX04 Apertura,Estacionamiento pago,RuleBuilder:PLBWX5XYGQ2B3GP7IN8Q-sgayvoostj@b.m-1656339819190
DDHH01CUX01 Apertura,Gu√≠a Migrante,RuleBuilder:PLBWX5XYGQ2B3GP7IN8Q-tknwrra59i@b.m-1663611276762
AGC01CUX00  Apertura,Sobre AGC,RuleBuilder:PLBWX5XYGQ2B3GP7IN8Q-1b5e31e6491b931@bm.com-1668007188528
Apertura | Autorizaci√≥n de Viaje al Exterior e interior,Autorizar un viaje,RuleBuilder:PLBWX5XYGQ2B3GP7IN8Q-fernando@botmaker.com-1535864819149-3143
CIU02CUX00 Superapertura,Sedes Comunales,RuleBuilder:PLBWX5XYGQ2B3GP7IN8Q-nqk90d86v9@b.m-1677697643686
TU01CUX01 Bicitour,Turismo en bici,RuleBuilder:PLBWX5XYGQ2B3GP7IN8Q-b58c0c474f19821@bm.com-1633093115655
AG01CUX02 Apertura,Ingresos Brutos,RuleBuilder:PLBWX5XYGQ2B3GP7IN8Q-dario@botmaker.io-1593011208389
"TR03CUX06  Modificaci√≥n: Adici√≥n al requisito ""Acreditaci√≥n de Identidad"" en el tr√°mite para certificado de discapacidad",Junta Discapacidad,RuleBuilder:PLBWX5XYGQ2B3GP7IN8Q-guadalupe@botmaker.io-1574272783763
CIU05CUX03 Parque Avellaneda,Parque Avellaneda,RuleBuilder:PLBWX5XYGQ2B3GP7IN8Q-74fa49934a48b5d@bm.com-1638294880072
SUA01CUX08 Apertura,Mejora de barrido,RuleBuilder:PLBWX5XYGQ2B3GP7IN8Q-9e5075c14c5bdb5@bm.com-1637811316299
DDHH02CUX01 Apertura,Antidiscriminaci√≥n,RuleBuilder:PLBWX5XYGQ2B3GP7IN8Q-utb5t1qxyh@b.m-1628082072373
Vacunaci√≥n Covid-19 (Apertura) -> Sobre la vacuna *Response > AstraZeneca *Response,AstraZeneca,RuleBuilder:PLBWX5XYGQ2B3GP7IN8Q-92b171fd4afb70e@bm.com-1617047769593
CIU05CUX03 Villa Real,Barrio Villa Real,RuleBuilder:PLBWX5XYGQ2B3GP7IN8Q-818cfbd740182ee@bm.com-1638541222399
"EP02CUX02 Apertura (cambiar rulename, se pisa con higiene urbana)",Higiene urbana,RuleBuilder:PLBWX5XYGQ2B3GP7IN8Q-xu8eea4jbj@b.m-1696944304811
TUR00CUX02 Turnos para tr√°mites,Turnos de documentos,RuleBuilder:PLBWX5XYGQ2B3GP7IN8Q-fernando@botmaker.com-1536001582230-4857
TR04CUX32  Nuevo pasaporte,Nuevo pasaporte,RuleBuilder:PLBWX5XYGQ2B3GP7IN8Q-vcied3ozn0@b.m-1681739454729
VI01CUX02 Apertura,Garant√≠a + F√°cil üè†,RuleBuilder:PLBWX5XYGQ2B3GP7IN8Q-ferjuan@botmaker.io-1543421909625
AG01CUX01 Clave Ciudad,Clave Ciudad,RuleBuilder:PLBWX5XYGQ2B3GP7IN8Q-ferjuan@botmaker.io-1556887636686
IN02CUX02 Apertura,Buz√≥n notificaciones,RuleBuilder:PLBWX5XYGQ2B3GP7IN8Q-gljm88p9ev@b.m-1655906699125
EDU04CUX22 Apertura,Jardines de infantes,RuleBuilder:PLBWX5XYGQ2B3GP7IN8Q-ferjuan@botmaker.io-1553103259963
Asistencia Digital - Tercera Edad *Apertura,Asistencia Digital,RuleBuilder:PLBWX5XYGQ2B3GP7IN8Q-guadalupe@botmaker.io-1591906863382
EDU04CUX22 Maternales,Jardines maternales,RuleBuilder:PLBWX5XYGQ2B3GP7IN8Q-ferjuan@botmaker.io-1546006842601
miBA01CUX01  Ayuda con mi cuenta,Ayuda con miBA,RuleBuilder:PLBWX5XYGQ2B3GP7IN8Q-z84zzf79wh@b.m-1653056463762
Apertura - Ministerio p√∫blico fiscal,Min. P√∫blico Fiscal,RuleBuilder:PLBWX5XYGQ2B3GP7IN8Q-guadalupe@botmaker.io-1558032146465
SE01CUX01 Apertura,Quiero ser bombero,RuleBuilder:PLBWX5XYGQ2B3GP7IN8Q-guadalupe@botmaker.io-1581542291403
SA07CUX01 Apertura,Salud sexual,RuleBuilder:PLBWX5XYGQ2B3GP7IN8Q-guadalupe@botmaker.io-1586187451128
TU01CUX01 Noche porte√±a,Noche porte√±a,RuleBuilder:PLBWX5XYGQ2B3GP7IN8Q-f49427194928971@bm.com-1632924484563
AM03CUX05 Superapertura,BA Sustentable,RuleBuilder:PLBWX5XYGQ2B3GP7IN8Q-j4adjqufpi@b.m-1699295690440
MO08CUX02 Apertura,Verificar veh√≠culos,RuleBuilder:PLBWX5XYGQ2B3GP7IN8Q-ferjuan@botmaker.io-1543413180587
CU02CUX01 Teatro Cervantes,Teatro Cervantes,RuleBuilder:PLBWX5XYGQ2B3GP7IN8Q-guadalupe@botmaker.io-1572962314023
Apertura | Identificaci√≥n Tard√≠a,Indentif. tard√≠a DNI,RuleBuilder:PLBWX5XYGQ2B3GP7IN8Q-guadalupe@botmaker.io-1568215007770
CU09CUX01 Apertura,Centros culturales,RuleBuilder:PLBWX5XYGQ2B3GP7IN8Q-guadalupe@botmaker.io-1571678712649
MA01CUX01 Castraci√≥n,Castraci√≥n mascotas,RuleBuilder:PLBWX5XYGQ2B3GP7IN8Q-rodrigo@botmaker.io-1536341694051
TR04CUX41 Clave Fiscal,Clave Fiscal,RuleBuilder:PLBWX5XYGQ2B3GP7IN8Q-gvljqo4vpj@b.m-1665759634379
MO04CUX05 Red SUBE,Red SUBE,RuleBuilder:PLBWX5XYGQ2B3GP7IN8Q-guadalupe@botmaker.io-1573236548920
Apertura | ANSES,ANSES,RuleBuilder:PLBWX5XYGQ2B3GP7IN8Q-guadalupe@botmaker.io-1561991523174
CIU05CUX03 Mataderos,Barrio de Mataderos,RuleBuilder:PLBWX5XYGQ2B3GP7IN8Q-a8c6233747fb1d1@bm.com-1638212795509
SE02CUX02 Superapertura,Internet segura,RuleBuilder:PLBWX5XYGQ2B3GP7IN8Q-zcp28may8x@b.m-1675716821881
EDU04CUX05 Apertura,Educaci√≥n adultos,RuleBuilder:PLBWX5XYGQ2B3GP7IN8Q-ferjuan@botmaker.io-1549486386154
Bicicletas (Apertura) > Qu√© ciclov√≠as hay * Response,Ciclov√≠as,RuleBuilder:PLBWX5XYGQ2B3GP7IN8Q-danielalallopizzo@botmaker.io-1603201477973
TR03CUX09 Toma de vista del Expediente electr√≥nico APRA,Expediente APRA,RuleBuilder:PLBWX5XYGQ2B3GP7IN8Q-r14rdt06mh@b.m-1627923324775
CU09CUX02 Flores,Cementerio de Flores,RuleBuilder:PLBWX5XYGQ2B3GP7IN8Q-guadalupe@botmaker.io-1574864696903
EDU04CUX25 Apertura,Plan Sarmiento üñ•Ô∏è,RuleBuilder:PLBWX5XYGQ2B3GP7IN8Q-ee77431d461b774@bm.com-1618950199697
EDU09CUX01 Apertura,Educaci√≥n ambiental,RuleBuilder:PLBWX5XYGQ2B3GP7IN8Q-jkju9ucfeo@b.m-1650632990362
TR03CUX12 Reducci√≥n por cremaci√≥n,Cremaciones,RuleBuilder:PLBWX5XYGQ2B3GP7IN8Q-guadalupe@botmaker.io-1569875102516
CU09CUX02 Chacarita,Cementerio Chacarita,RuleBuilder:PLBWX5XYGQ2B3GP7IN8Q-guadalupe@botmaker.io-1574864089745
SE02CUX01 Apertura,Cibereseguridad,RuleBuilder:PLBWX5XYGQ2B3GP7IN8Q-1fg92o18m0@b.m-1628013249257
SUA01CUX02 Apertura,Residuos voluminosos,RuleBuilder:PLBWX5XYGQ2B3GP7IN8Q-agustin@botmaker.io-1596040589294
MO04CUX05 C√≥mo conseguirla,Conseguir SUBE,RuleBuilder:PLBWX5XYGQ2B3GP7IN8Q-guadalupe@botmaker.io-1573228150549
"TR03CUX09 Registro p√∫blico de lavaderos, lavander√≠as y transportistas de ropa hospitalaria",Ropa hospitalaria,RuleBuilder:PLBWX5XYGQ2B3GP7IN8Q-guadalupe@botmaker.io-1561730658840
CU03CUX04 Apertura,Estudio Urbano üé∏,RuleBuilder:PLBWX5XYGQ2B3GP7IN8Q-bn50h0447t@b.m-1628281385992
CIU05CUX03 Recoleta,Barrio de Recoleta,RuleBuilder:PLBWX5XYGQ2B3GP7IN8Q-a3aa3e784f7a708@bm.com-1638373261868
"TR03CUX12 Renovaciones de nichos de ata√∫d, restos y cenizas",Renovar nichos,RuleBuilder:PLBWX5XYGQ2B3GP7IN8Q-guadalupe@botmaker.io-1569875202582
TR03CUX12 Traslados,Traslado cementerios,RuleBuilder:PLBWX5XYGQ2B3GP7IN8Q-guadalupe@botmaker.io-1569877416465
AM04CUX01 Apertura,Ecoparque,RuleBuilder:PLBWX5XYGQ2B3GP7IN8Q-ferjuan@botmaker.io-1547054545881
CIU05CUX03 Agronom√≠a,Barrio de Agronom√≠a,RuleBuilder:PLBWX5XYGQ2B3GP7IN8Q-d23a1fc7463a2b6@bm.com-1637158599502
EM02CUX01 Expo Empleo Barrial,Expo empleo barrial,RuleBuilder:PLBWX5XYGQ2B3GP7IN8Q-ferjuan@botmaker.io-1542900788261
AM04CUX04 Apertura,Paseo Ambiental Sur,RuleBuilder:PLBWX5XYGQ2B3GP7IN8Q-99e258e74499e41@bm.com-1608066985491
CU01CUX02 Casa Carlos Gardel,Casa Carlos Gardel,RuleBuilder:PLBWX5XYGQ2B3GP7IN8Q-b72a2bf84a7a2f6@bm.com-1634310360093
TR03CUX09 Consulta Mesa Atenci√≥n al P√∫blico (MAP) - APRA,Registro online APRA,RuleBuilder:PLBWX5XYGQ2B3GP7IN8Q-b9suzy29yv@b.m-1627923049734
CU06CUX00 SuperApertura,Derechos LGBTIQ+,RuleBuilder:PLBWX5XYGQ2B3GP7IN8Q-bb9d81154a196ac@bm.com-1630097619228
TR03CUX12 Certificado de Titularidad de b√≥vedas,Titular de b√≥veda,RuleBuilder:PLBWX5XYGQ2B3GP7IN8Q-guadalupe@botmaker.io-1569875021282
SE05CUX01 Apertura,Hacer una denuncia,RuleBuilder:PLBWX5XYGQ2B3GP7IN8Q-bryx6i131n@b.m-1652297856217
EDU04CUX06 Apertura,Bullying,RuleBuilder:PLBWX5XYGQ2B3GP7IN8Q-0m702iexj4@b.m-1682692921683
GE01CAT01 Apertura,Chatear con 144 üì±,RuleBuilder:PLBWX5XYGQ2B3GP7IN8Q-guadalupe@botmaker.io-1586190699921
INN01CUX02 Apertura,Gaming Labs üéÆ,RuleBuilder:PLBWX5XYGQ2B3GP7IN8Q-2slv9dm0po@b.m-1686767648665
CIU05CUX03 Barracas,Barrio de Barracas,RuleBuilder:PLBWX5XYGQ2B3GP7IN8Q-ca3583ca44db180@bm.com-1637256729643
TR03CUX08 Redistribuci√≥n de usos de autorizaci√≥n de actividad econ√≥mica,AGC: Cambiar usos,RuleBuilder:PLBWX5XYGQ2B3GP7IN8Q-guadalupe@botmaker.io-1573674261166
AG01CUX01 Inmobiliario/ABL,Impuesto ABL,RuleBuilder:PLBWX5XYGQ2B3GP7IN8Q-ferjuan@botmaker.io-1538153441664
TR03CUX20 Permiso de uso precario en centros de abastecimientos municipales,Puesto en CAMs,RuleBuilder:PLBWX5XYGQ2B3GP7IN8Q-guadalupe@botmaker.io-1568830734160
EP01CUX01 C√≥mo reciclo,C√≥mo reciclo,RuleBuilder:PLBWX5XYGQ2B3GP7IN8Q-dfdf63184579230@bm.com-1637088043048
CIU05CUX03 Parque Patricios,Parque Patricios,RuleBuilder:PLBWX5XYGQ2B3GP7IN8Q-6a5d6b844e29152@bm.com-1638297083965
Apertura - Autos Abandonados,Autos Abandonados,RuleBuilder:PLBWX5XYGQ2B3GP7IN8Q-dario@botmaker.io-1581346628178
DE02CUX01 Apertura,Colonias de verano,RuleBuilder:PLBWX5XYGQ2B3GP7IN8Q-1ta6skvn9n@b.m-1671635345111
DH04CUX05 Apertura,Controlar geri√°trico,RuleBuilder:PLBWX5XYGQ2B3GP7IN8Q-debd8ykv70@b.m-1646317585884
SA03CUX01 Buscar vacunatorios,Buscar vacunatorios,RuleBuilder:PLBWX5XYGQ2B3GP7IN8Q-guadalupe@botmaker.io-1578061373626
SUA00CUX01 - Estado solicitud,Estado de solicitud,RuleBuilder:PLBWX5XYGQ2B3GP7IN8Q-ruben@botmaker.io-1581368945509
CU04CUX38 Apertura post-evento,Noche de disquer√≠as,RuleBuilder:PLBWX5XYGQ2B3GP7IN8Q-z2z5sx4ogo@b.m-1699293090330
AC02CUX02 Apertura,Protecci√≥n Ambiental,RuleBuilder:PLBWX5XYGQ2B3GP7IN8Q-fernando@botmaker.com-1536071187107-7078
V√≠a p√∫blica: Pago de da√±os ocasionados,Da√±os en v√≠a p√∫blica,RuleBuilder:PLBWX5XYGQ2B3GP7IN8Q-guadalupe@botmaker.io-1574800482042
GE02CUX02 Historia del 8M,Historia del 8M,RuleBuilder:PLBWX5XYGQ2B3GP7IN8Q-y5dmb6lh63@b.m-1646684071206
VI01CUX04 Apertura,Reg. Dominial üè†,RuleBuilder:PLBWX5XYGQ2B3GP7IN8Q-dclcc6hssh@b.m-1648666786380
TR02CUX14 Nacimiento,Partida Nacimiento,RuleBuilder:PLBWX5XYGQ2B3GP7IN8Q-ox1nznompl@b.m-1688999419378
EDU04CUX01 CEC,Comunidad Educativa,RuleBuilder:PLBWX5XYGQ2B3GP7IN8Q-guadalupe@botmaker.io-1586207082746
Programa Recuperar Celular *Apertura,Recuperar celular,RuleBuilder:PLBWX5XYGQ2B3GP7IN8Q-02011e1047b8a08@bm.com-1622809002271
INN01CUX02 Sacar turno,Turnos en Gaming Lab,RuleBuilder:PLBWX5XYGQ2B3GP7IN8Q-4erh1qfv0l@b.m-1686767890975
TR02CUX06 - Apertura,Estudiar es Trabajar,RuleBuilder:PLBWX5XYGQ2B3GP7IN8Q-pldmxvmgxo@b.m-1654519993394
MO03CUX01 L√≠nea C üîµ (horarios),Horarios L√≠nea C üîµ,RuleBuilder:PLBWX5XYGQ2B3GP7IN8Q-2uwmkec8zg@b.m-1689879136650
SUA01CUX11 Apertura,Extracci√≥n de √°rbol,RuleBuilder:PLBWX5XYGQ2B3GP7IN8Q-888f2b464ec9978@bm.com-1646837038093
CIU05CUX03 Boedo,Barrio de Boedo,RuleBuilder:PLBWX5XYGQ2B3GP7IN8Q-9e488d2047cabbc@bm.com-1637343528444
MO04CUX05 C√≥mo registrarla,Registrar SUBE,RuleBuilder:PLBWX5XYGQ2B3GP7IN8Q-guadalupe@botmaker.io-1573228289753
GE03CUX04 Apertura,Puntos cercanos,RuleBuilder:PLBWX5XYGQ2B3GP7IN8Q-kx0gqrfvt3@b.m-1683212142688
MO04CUX01 Apertura,VTVüöó,RuleBuilder:PLBWX5XYGQ2B3GP7IN8Q-gormljf1s4@b.m-1652382061013
CIU05CUX03 Colegiales,Barrio de Colegiale,RuleBuilder:PLBWX5XYGQ2B3GP7IN8Q-4b96c01443780cc@bm.com-1637679760501
MO06CUX02 Necesito ayuda,Consultas Ecobici,RuleBuilder:PLBWX5XYGQ2B3GP7IN8Q-i5acb4ww8a@b.m-1659548818098
SUA01CUX03 Apertura,Poda de √°rboles,RuleBuilder:PLBWX5XYGQ2B3GP7IN8Q-9c19a6d7483a322@bm.com-1635186079883
TR03CUX28 CUIL,Tramitar CUIL,RuleBuilder:PLBWX5XYGQ2B3GP7IN8Q-guadalupe@botmaker.io-1571767769870
MO03CUX01 L√≠nea B üî¥ (horarios),Horarios L√≠nea B üî¥,RuleBuilder:PLBWX5XYGQ2B3GP7IN8Q-bbumm50tfc@b.m-1689879124580
CO10CUX02 Consultar padr√≥n,Consultar padr√≥n üó≥Ô∏è,RuleBuilder:PLBWX5XYGQ2B3GP7IN8Q-au2uxveipu@b.m-1683300106716
AC02CUX04 L√≠nea 103,Defensa Civil ‚òéÔ∏è,RuleBuilder:PLBWX5XYGQ2B3GP7IN8Q-ferjuan@botmaker.io-1540586831496
CU01CUX05 Apertura,Museo Moderno,RuleBuilder:PLBWX5XYGQ2B3GP7IN8Q-792619e644c92fd@bm.com-1640285275713
TR03CUX08 Certificado de Conservaci√≥n de Fachadas,Conservaci√≥n Fachada,RuleBuilder:PLBWX5XYGQ2B3GP7IN8Q-guadalupe@botmaker.io-1573673863880
CU06CUX03 Apertura,Identidad de g√©nero,RuleBuilder:PLBWX5XYGQ2B3GP7IN8Q-tshm9yju1h@b.m-1657633303185
GA03CUX12 Apertura,Noche de Gastronom√≠a,RuleBuilder:PLBWX5XYGQ2B3GP7IN8Q-fwsjvb2pto@b.m-1698247873410
ED00CUX01 Nivel primario,Escuela Primaria,RuleBuilder:PLBWX5XYGQ2B3GP7IN8Q-xw6l12w94q@b.m-1653662645390
MO04CUX05 C√≥mo cargarla,Cargar SUBE,RuleBuilder:PLBWX5XYGQ2B3GP7IN8Q-guadalupe@botmaker.io-1573235595038
CIU05CUX03 Balvanera,Barrio de Balvanera,RuleBuilder:PLBWX5XYGQ2B3GP7IN8Q-56b69cd041bac65@bm.com-1637245445052
EP01CUX01 Tipos de residuos,Tipos de residuos,RuleBuilder:PLBWX5XYGQ2B3GP7IN8Q-guadalupe@botmaker.io-1588605098581
Registro de artistas callejeros (Apertura),Artistas callejeros,RuleBuilder:PLBWX5XYGQ2B3GP7IN8Q-078c78854e78381@bm.com-1634915244569
Buscar C√≥digo Postal,Buscar C√≥digo Postal,RuleBuilder:PLBWX5XYGQ2B3GP7IN8Q-rodrigo@botmaker.io-1539978955870
EDU01CUX01 Apertura,Becas nivel medio üìö,RuleBuilder:PLBWX5XYGQ2B3GP7IN8Q-ferjuan@botmaker.io-1539698189073
CUL01CUX03 Apertura Contingencia suspensi√≥n,Noche de los templos,RuleBuilder:PLBWX5XYGQ2B3GP7IN8Q-yipn0sgh6m@b.m-1692286066343
Apertura | Cursos RCP y Primeros Auxilios,Cursos RCP,RuleBuilder:PLBWX5XYGQ2B3GP7IN8Q-guadalupe@botmaker.io-1563198667525
CIU05CUX03 Villa Soldati,Barrio Villa Soldati,RuleBuilder:PLBWX5XYGQ2B3GP7IN8Q-0892f340426a98e@bm.com-1638544113951
EP01CUX01 Apertura Corta,Reciclaje ‚ôªÔ∏è,RuleBuilder:PLBWX5XYGQ2B3GP7IN8Q-s6r4162gvt@b.m-1696948911738
AGC01CUX01  Apertura,Habilitaciones AGC,RuleBuilder:PLBWX5XYGQ2B3GP7IN8Q-guadalupe@botmaker.io-1568038058246
SE01CUX04 Apertura,Bomberos,RuleBuilder:PLBWX5XYGQ2B3GP7IN8Q-guadalupe@botmaker.io-1581541903268
TR03CUX09 L√≠mites M√°ximos Sonoros,L√≠mites sonoros,RuleBuilder:PLBWX5XYGQ2B3GP7IN8Q-e9hxsr2i8q@b.m-1640117241062
Apertura | Disoluci√≥n de Uni√≥n Civil,Disolver Uni√≥n Civil,RuleBuilder:PLBWX5XYGQ2B3GP7IN8Q-guadalupe@botmaker.io-1565117946940
CIU05CUX03 Villa Devoto,Barrio Villa Devoto,RuleBuilder:PLBWX5XYGQ2B3GP7IN8Q-8d1fcd9343782a7@bm.com-1638463010696
BOT06CUX01 Apertura,Divertirme con Boti,RuleBuilder:PLBWX5XYGQ2B3GP7IN8Q-52hi2bi9ge@b.m-1662478980258
CU09CUX02 Recoleta,Cementerio Recoleta,RuleBuilder:PLBWX5XYGQ2B3GP7IN8Q-guadalupe@botmaker.io-1574862010828
ED00CUX01 Cursos gratuitos,Cursos gratuitos,RuleBuilder:PLBWX5XYGQ2B3GP7IN8Q-0qj4sotsih@b.m-1653662694935
EDU04CUX19 Fechas importantes,Fechas Minecraft,RuleBuilder:PLBWX5XYGQ2B3GP7IN8Q-khwb4wlknx@b.m-1678714317265
MO04CUX05 Dudas frecuentes,Dudas sobre SUBE,RuleBuilder:PLBWX5XYGQ2B3GP7IN8Q-guadalupe@botmaker.io-1573237488108
ED03CUX05  Apertura,Universidad Ciudad,RuleBuilder:PLBWX5XYGQ2B3GP7IN8Q-guadalupe@botmaker.io-1595270648507
DH09CUX01 Juegotecas,Juegotecas barriales,RuleBuilder:PLBWX5XYGQ2B3GP7IN8Q-guadalupe@botmaker.io-1557946704094
TR03CUX20 Permiso de uso precario en Paseos Comerciales Once,Paseos Comerciales,RuleBuilder:PLBWX5XYGQ2B3GP7IN8Q-guadalupe@botmaker.io-1568831648218
SA07CUX01 VPH,VPH,RuleBuilder:PLBWX5XYGQ2B3GP7IN8Q-guadalupe@botmaker.io-1586367284076
SUA01CUX18 Apertura,Objetos en desuso,RuleBuilder:PLBWX5XYGQ2B3GP7IN8Q-qy6l3lvqhq@b.m-1687887556650
TR03CUX28 CUIT,Tramitar CUIT,RuleBuilder:PLBWX5XYGQ2B3GP7IN8Q-guadalupe@botmaker.io-1571767888634
Busca donde est√° permitido estacionar,D√≥nde estacionar üöó,RuleBuilder:PLBWX5XYGQ2B3GP7IN8Q-alfafc@gmail.com-1542820851146
CIU05CUX03 San Telmo,Barrio San Telmo,RuleBuilder:PLBWX5XYGQ2B3GP7IN8Q-8ac6966646f8089@bm.com-1638385956423
TR03CUX08 Ampliaci√≥n o disminuci√≥n de Rubro y/o Superficie,Rubro y superficie,RuleBuilder:PLBWX5XYGQ2B3GP7IN8Q-guadalupe@botmaker.io-1573479828852
TR03CUX28 Tr√°mites por venta de veh√≠culo ante la Direcci√≥n Nacional de los Registros Nacionales de la Propiedad del Automotor y Cr√©ditos Prendarios,Vend√≠ mi auto,RuleBuilder:PLBWX5XYGQ2B3GP7IN8Q-guadalupe@botmaker.io-1571768319323
Centro de monitoreo,Centro Monitoreo üëÆ,RuleBuilder:PLBWX5XYGQ2B3GP7IN8Q-guadalupe@botmaker.io-1560972051904
SA14CUX01 Apertura,Salud ginecol√≥gica,RuleBuilder:PLBWX5XYGQ2B3GP7IN8Q-g72o1ak4dg@b.m-1684951842963
DH06CUX01 Apertura,Sello impacto social,RuleBuilder:PLBWX5XYGQ2B3GP7IN8Q-gp8mbwzniv@b.m-1654699322412
CU01CUX02 Museo S√≠vori,Museo S√≠vori,RuleBuilder:PLBWX5XYGQ2B3GP7IN8Q-e1c1647d4a2901b@bm.com-1623860844068
EDU03CUX04 Apertura,Formaci√≥n docente,RuleBuilder:PLBWX5XYGQ2B3GP7IN8Q-dae7da194e7afc6@bm.com-1628542774081
Bolet√≠n Oficial,Bolet√≠n Oficial,RuleBuilder:PLBWX5XYGQ2B3GP7IN8Q-guadalupe@botmaker.io-1574272154709
TR03CUX05 Inscripci√≥n al registro de gu√≠as de turismo,Gu√≠as de turismo,RuleBuilder:PLBWX5XYGQ2B3GP7IN8Q-guadalupe@botmaker.io-1575400532578
Deficiencias en establecimientos educativos privados,Denunciar escuelas,RuleBuilder:PLBWX5XYGQ2B3GP7IN8Q-guadalupe@botmaker.io-1574796218671
Infracciones * Apertura,Infracciones üöó,RuleBuilder:PLBWX5XYGQ2B3GP7IN8Q-ferjuan@botmaker.io-1541089255534
EDU04CUX19 Apertura,Minecraft Education,RuleBuilder:PLBWX5XYGQ2B3GP7IN8Q-aysz24rf3c@b.m-1678714185760
Apertura | Certificado Negativo de Inscripci√≥n de Nacimiento,Nacimiento negativo,RuleBuilder:PLBWX5XYGQ2B3GP7IN8Q-guadalupe@botmaker.io-1562876019223
TR04CUX32 Reclamos pasaporte,Reclamos pasaporte,RuleBuilder:PLBWX5XYGQ2B3GP7IN8Q-wzi8igc0wb@b.m-1681739350051
CU01CUX02 Palacio Noel,Palacio Noel,RuleBuilder:PLBWX5XYGQ2B3GP7IN8Q-et5ykumdjd@b.m-1655910767499
AM04CUX05  Apertura,Reserva Ecol√≥gica,RuleBuilder:PLBWX5XYGQ2B3GP7IN8Q-danielalallopizzo@botmaker.io-1604593044649
CIU05CUX03 Floresta,Barrio de Floresta,RuleBuilder:PLBWX5XYGQ2B3GP7IN8Q-4bf5609d4d490b0@bm.com-1637694493276
TR01CUX14 Apertura,Admin. Consorcios,RuleBuilder:PLBWX5XYGQ2B3GP7IN8Q-6xrgddz9q6@b.m-1646251802699
¬øC√≥mo llego a...,BA C√≥mo Llego,RuleBuilder:PLBWX5XYGQ2B3GP7IN8Q-fernando@botmaker.com-1535864488218-8885
Registrar un gimansio,Registrar gimansio,RuleBuilder:PLBWX5XYGQ2B3GP7IN8Q-ferjuan@botmaker.io-1548248897804
SUA01CUX01 Apertura,Criadero mosquito ü¶ü,RuleBuilder:PLBWX5XYGQ2B3GP7IN8Q-agustin@botmaker.io-1598461924109
CIU06CUX01 Apertura,Portal BADA,RuleBuilder:PLBWX5XYGQ2B3GP7IN8Q-03nuq1qakv@b.m-1674667899479
DH08CUX01 Apertura,Educaci√≥n financiera,RuleBuilder:PLBWX5XYGQ2B3GP7IN8Q-v04ms80vox@b.m-1675187395862
Sindicatura General,Sindicatura General,RuleBuilder:PLBWX5XYGQ2B3GP7IN8Q-guadalupe@botmaker.io-1574272285296
TEST_NUEVA_IA,TEST_NUEVA_IA,RuleBuilder:PLBWX5XYGQ2B3GP7IN8Q-43q0clz7v3@b.m-1666206001142
CU06CUX01 BA Convive,BA Convive üè≥Ô∏è‚Äçüåà,RuleBuilder:PLBWX5XYGQ2B3GP7IN8Q-6b6bde2c47fa372@bm.com-1630099359091
CIU05CUX03 Villa Crespo,Barrio Villa Crespo,RuleBuilder:PLBWX5XYGQ2B3GP7IN8Q-2fa0aa3e4c7aa4d@bm.com-1638457995929
EM03CUX02 Apertura,Academia BA Emprende,RuleBuilder:PLBWX5XYGQ2B3GP7IN8Q-63ab214b4e1a7a8@bm.com-1620049607762
AG01CUX01 Patentes,Impuesto de patentes,RuleBuilder:PLBWX5XYGQ2B3GP7IN8Q-dario@botmaker.io-1593009331919
AG01CUX01 Consultar deuda Patentes,Consultar patente,RuleBuilder:PLBWX5XYGQ2B3GP7IN8Q-fernando@botmaker.com-1536203508105-9488
DEC01CUX01 Apertura,Juventud,RuleBuilder:PLBWX5XYGQ2B3GP7IN8Q-2ahz89gvo8@b.m-1663339262532
EDU04CUX20 Apertura,Educaci√≥n Sexual,RuleBuilder:PLBWX5XYGQ2B3GP7IN8Q-ferjuan@botmaker.io-1542208249209
TR01CUX15 Apertura,Registro Empleadores,RuleBuilder:PLBWX5XYGQ2B3GP7IN8Q-kjl8jrhpg9@b.m-1643304327396
TU01CUX05 Apertura,Seguridad tur√≠stica,RuleBuilder:PLBWX5XYGQ2B3GP7IN8Q-gqfto2far3@b.m-1652981986746
CIU05CUX07 Apertura,Barrio Mugica,RuleBuilder:PLBWX5XYGQ2B3GP7IN8Q-sq2qk8e5hm@b.m-1695819853565
SUA01CUX19 Apertura,Desagote pozo ciego,RuleBuilder:PLBWX5XYGQ2B3GP7IN8Q-wv1t5w2gjy@b.m-1689961792094
DH08CUX02 Apertura QR keywords,Curso online finanza,RuleBuilder:PLBWX5XYGQ2B3GP7IN8Q-f9u15r92ay@b.m-1686589769094
AC02CUX04 Tel√©fonos Emergencias,Llamar a Emergencias,RuleBuilder:PLBWX5XYGQ2B3GP7IN8Q-ferjuan@botmaker.io-1540587051281
Apertura Informaci√≥n sumaria testimonial de Declaraci√≥n de domicilio,Declarar domicilio,RuleBuilder:PLBWX5XYGQ2B3GP7IN8Q-rodrigo@botmaker.io-1548698395463
SA07CUX01 VIH,VIH,RuleBuilder:PLBWX5XYGQ2B3GP7IN8Q-guadalupe@botmaker.io-1586367641823
DH10CUX01 Monotributo,Monotributo,RuleBuilder:PLBWX5XYGQ2B3GP7IN8Q-v6mnlkn4nx@b.m-1697746584556
SA05CUX01 Apertura,Personas Mayores,RuleBuilder:PLBWX5XYGQ2B3GP7IN8Q-guadalupe@botmaker.io-1587416442447
Tecnicaturas de Salud,Carreras de salud ü©∫,RuleBuilder:PLBWX5XYGQ2B3GP7IN8Q-ferjuan@botmaker.io-1554835423817
TR03CUX09 Inscripci√≥n al Registro de Consultoras y Profesionales en Auditor√≠as y Estudios Ambientales,Estudios ambientales,RuleBuilder:PLBWX5XYGQ2B3GP7IN8Q-guadalupe@botmaker.io-1566575107513
TR01CUX12 Apertura,Descargo fiscalizac.,RuleBuilder:PLBWX5XYGQ2B3GP7IN8Q-ycsci0nweu@b.m-1642440278004
CIU05CUX03 Montserrat,Barrio de Montserrat,RuleBuilder:PLBWX5XYGQ2B3GP7IN8Q-f64f02ec459b984@bm.com-1638213833269
EDU04CUX14 Apertura,Terminar secundaria,RuleBuilder:PLBWX5XYGQ2B3GP7IN8Q-ferjuan@botmaker.io-1539695062180
SA05CUX01 Atenci√≥n al maltrato,Atenci√≥n al maltrato,RuleBuilder:PLBWX5XYGQ2B3GP7IN8Q-4e62f7bb4129891@bm.com-1622812603541
DH03CUX01 Copidis,COPIDIS,RuleBuilder:PLBWX5XYGQ2B3GP7IN8Q-danielalallopizzo@botmaker.io-1600453900269
OB05CUX02 Obras,Tr√°mites de obra üèóÔ∏è,RuleBuilder:PLBWX5XYGQ2B3GP7IN8Q-5l1iipdgps@b.m-1655817075501
miBA01CUX01  Validar mi identidad,Validar mi identidad,RuleBuilder:PLBWX5XYGQ2B3GP7IN8Q-1dmv352dh8@b.m-1653056371529
JU03CUX01 Apertura,Asesoramiento penal,RuleBuilder:PLBWX5XYGQ2B3GP7IN8Q-6nvwkqevav@b.m-1656959808123
TR00CUX02 - Consultar estado tr√°mites,Estado de tr√°mite,RuleBuilder:PLBWX5XYGQ2B3GP7IN8Q-bcj7gw6gan@b.m-1657739075584
SUA01CUX02 Escombros,Retiro de escombros,RuleBuilder:PLBWX5XYGQ2B3GP7IN8Q-agustin@botmaker.io-1596042647421
Apertura -Tr√°mites R√∫brica,R√∫brica Laboral,RuleBuilder:PLBWX5XYGQ2B3GP7IN8Q-fernando@botmaker.com-1536001596306-5218
BOT06CUX02 Apertura,D√≠galo con Emojis,RuleBuilder:PLBWX5XYGQ2B3GP7IN8Q-0lalpmzkq0@b.m-1686924144552
Apertura - Casados y divorciados en el exterior,Divorcio en exterior,RuleBuilder:PLBWX5XYGQ2B3GP7IN8Q-guadalupe@botmaker.io-1560430839558
GA02CUX01 Ver mercados,Mercados,RuleBuilder:PLBWX5XYGQ2B3GP7IN8Q-59byez19m8@b.m-1649869866281
TR02CUX14 Matrimonio,Partida matrimonio,RuleBuilder:PLBWX5XYGQ2B3GP7IN8Q-npcsdkd1nm@b.m-1688999377594
CIU05CUX03 N√∫√±ez,Barrio de N√∫√±ez,RuleBuilder:PLBWX5XYGQ2B3GP7IN8Q-fd2da8f04ea9421@bm.com-1638292291415
TR02CUX01 Apertura,Deudor alimentario,RuleBuilder:PLBWX5XYGQ2B3GP7IN8Q-33511yshdw@b.m-1640183601449
TU01CUX01 Qu√© hacer,Qu√© hacer en BA,RuleBuilder:PLBWX5XYGQ2B3GP7IN8Q-52576b02461a507@bm.com-1633038521695
EP01CUX01 Centro de Reciclaje,Centro de Reciclaje,RuleBuilder:PLBWX5XYGQ2B3GP7IN8Q-guadalupe@botmaker.io-1588605367256
GE03CUX01 Super Apertura,G√©nero y diversidad,RuleBuilder:PLBWX5XYGQ2B3GP7IN8Q-ab1b5830450ae3e@bm.com-1628793907418
TR00CUX01 Apertura,Tr√°mites,RuleBuilder:PLBWX5XYGQ2B3GP7IN8Q-fernando@botmaker.com-1536203499978-1988
TR03CUX20 Permiso de uso precario en ferias manualistas,Ferias Manualistas,RuleBuilder:PLBWX5XYGQ2B3GP7IN8Q-guadalupe@botmaker.io-1568832328374
CIU05CUX03 Villa Urquiza,Barrio Villa Urquiza,RuleBuilder:PLBWX5XYGQ2B3GP7IN8Q-2d124dc94cfb5c5@bm.com-1638545158246
V√≠a p√∫blica: Denuncia de irregularidades,Denuncia v√≠a p√∫blica,RuleBuilder:PLBWX5XYGQ2B3GP7IN8Q-guadalupe@botmaker.io-1574800396007
TU03CUX01 Boca Juniors,La Bombonera,RuleBuilder:PLBWX5XYGQ2B3GP7IN8Q-87ec1948410b8ba@bm.com-1645806689640
MA01CUX01 Caniles,Caniles,RuleBuilder:PLBWX5XYGQ2B3GP7IN8Q-guadalupe@botmaker.io-1575402016532
TR03CUX28 Tr√°mites por compra de veh√≠culo ante la Direcci√≥n Nacional de los Registros Nacionales de la Propiedad del Automotor y Cr√©ditos Prendarios,Compr√© un auto usado,RuleBuilder:PLBWX5XYGQ2B3GP7IN8Q-guadalupe@botmaker.io-1571768016010
SUA01CUX02 Muebles y otros,Tirar muebles,RuleBuilder:PLBWX5XYGQ2B3GP7IN8Q-agustin@botmaker.io-1596044065237
TUR00CUX02 Para veh√≠culos,Turnos de veh√≠culos,RuleBuilder:PLBWX5XYGQ2B3GP7IN8Q-1polf83j8v@b.m-1674735838785
Deficiencias en la gesti√≥n,Denunciar gesti√≥n,RuleBuilder:PLBWX5XYGQ2B3GP7IN8Q-guadalupe@botmaker.io-1574796508771
DEC02CUX02 Apertura,Nuevo Microcentro üöÄ,RuleBuilder:PLBWX5XYGQ2B3GP7IN8Q-pp9kg5jtn7@b.m-1673963445678
Apertura Sistema predictivo de colectivos,¬øCu√°ndo llega? üöç,RuleBuilder:PLBWX5XYGQ2B3GP7IN8Q-rodrigo@botmaker.io-1548427218695
DDHH03CUX02 Apertura,Adoptar en la Ciudad,RuleBuilder:PLBWX5XYGQ2B3GP7IN8Q-guadalupe@botmaker.io-1557925547340
DDHH03CUX02 Convocatorias adopci√≥n,Quiero adoptar,RuleBuilder:PLBWX5XYGQ2B3GP7IN8Q-guadalupe@botmaker.io-1557929323049
CU01CUX02 Quinquela Martin,Museo Quinquela,RuleBuilder:PLBWX5XYGQ2B3GP7IN8Q-1c3efa1e490aa64@bm.com-1627058101780
GA01CUX01 Agenda Gastron√≥mica,Agenda gastron√≥mica,RuleBuilder:PLBWX5XYGQ2B3GP7IN8Q-pholg8pbm5@b.m-1675884968397
TR01CUX04  Apertura,Solicitud para AGIP,RuleBuilder:PLBWX5XYGQ2B3GP7IN8Q-6jjijxr9qr@b.m-1643306143861
MA01CUX01 D√≥nde se vacuna,Vacunar mascota,RuleBuilder:PLBWX5XYGQ2B3GP7IN8Q-ferjuan@botmaker.io-1553615088431
SA03CUX01 Apertura,Vacunaci√≥n,RuleBuilder:PLBWX5XYGQ2B3GP7IN8Q-guadalupe@botmaker.io-1577115582518
TR04CUX41 S√≠mbolo internacional de acceso,S√≠mbolo de acceso ‚ôø,RuleBuilder:PLBWX5XYGQ2B3GP7IN8Q-jjs9zylx5d@b.m-1666184850513
DH03CUX01 C√≥mo tramitarlo,Sacar el CUD,RuleBuilder:PLBWX5XYGQ2B3GP7IN8Q-danielalallopizzo@botmaker.io-1600789592272
SUACI - Reparaci√≥n de luminaria * Apertura de flow,Reparar luces üí°,RuleBuilder:PLBWX5XYGQ2B3GP7IN8Q-agustin@botmaker.io-1600110340984
miBA01CUX01  Crear una cuenta,Crear cuenta MiBA,RuleBuilder:PLBWX5XYGQ2B3GP7IN8Q-y2rdlcg1d5@b.m-1653056348450
CO04CUX08  Apertura,Sobre Qatar 2022,RuleBuilder:PLBWX5XYGQ2B3GP7IN8Q-iyjsh0lh5c@b.m-1652121335537
VI01CUX06 Apertura,Cr√©dito de refacci√≥n,RuleBuilder:PLBWX5XYGQ2B3GP7IN8Q-fxdl3m11l6@b.m-1685456760713
CIU02CUX01 Apertura,Comunas üìç,RuleBuilder:PLBWX5XYGQ2B3GP7IN8Q-danielalallopizzo@botmaker.io-1600887100326
Copia Digital de Expediente o Documento *Apertura,Copia de expediente,RuleBuilder:PLBWX5XYGQ2B3GP7IN8Q-a2aae2c1419a917@bm.com-1637935039538
Ba taxi * Apertura,App BA Taxi üöï,RuleBuilder:PLBWX5XYGQ2B3GP7IN8Q-ferjuan@botmaker.io-1548862387966
AM02CUX02 Apertura corta,Olas de calor ‚òÄÔ∏è,RuleBuilder:PLBWX5XYGQ2B3GP7IN8Q-1zx5504pdl@b.m-1699303842169
CIU05CUX03 Monte Castro,Barrio Monte Castro,RuleBuilder:PLBWX5XYGQ2B3GP7IN8Q-d046ef22474aa0e@bm.com-1638284959477
MO03CUX01 Premetro üü† (horarios),Horarios Premetro üü†,RuleBuilder:PLBWX5XYGQ2B3GP7IN8Q-l85vqa4g95@b.m-1689859395046